Unnamed: 0;o__Actinomycetales;o__Bacillales;o__Bacteroidales;o__Bifidobacteriales;o__Burkholderiales;o__Campylobacterales;o__Cardiobacteriales;o__Clostridiales;o__Coriobacteriales;o__Deferribacterales;o__Desulfovibrionales;o__Enterobacteriales;o__Erysipelotrichales;o__Flavobacteriales;o__Fusobacteriales;o__Gemellales;o__Lactobacillales;o__Methanobacteriales;o__Neisseriales;o__Pasteurellales;o__Pseudomonadales;o__RF32;o__RF39;o__Rhizobiales;o__Rhodospirillales;o__Spirochaetales;o__Streptophyta;o__Turicibacterales;o__Verrucomicrobiales;o__Victivallales;o__Xanthomonadales;o__YS2
MSM5LLHI;0.0;0.0;0.39514151994651214;0.0;0.058836639179852906;0.0;0.0;0.4787162915088032;0.0;0.0;0.0;0.0;0.0;0.0;0.0;0.0;0.0;0.0;0.0;0.0;0.0;0.0;0.0;0.0;0.0;0.0;0.0;0.0;0.06440829061733898;0.0028972587474927567;0.0;0.0
MSM5FZ9V;0.0;0.0;0.009710821395997639;0.0006974623102097752;0.0;0.004721283330650786;0.0;0.7268093781855249;0.0;0.0;0.0;0.01759751059606202;0.0002682547346960674;0.0;0.0;0.0;0.0;0.0;0.0;0.11116476205805033;0.0;0.0;0.0;0.0;0.0;0.0;0.0017704812489940447;0.0006438113632705617;0.1266162347765438;0.0;0.0;0.0
MSM5ZOJY;0.0;0.0;0.022917793401838832;0.0;0.0;0.0;0.0;0.824229313142239;0.0;0.0;0.0;0.11810438074634938;0.0008450513791238507;0.0;0.0;0.0;0.0;0.0;0.0;0.03211195240670633;0.0;0.0;0.0;0.0;0.0;0.0;0.0;0.001149269875608437;0.0006422390481341265;0.0;0.0;0.0
CSM5MCV5;0.0;0.0;0.0011753392456459023;0.0;0.3818249813014211;0.0;0.0;0.10727641842077144;0.0;0.0;0.0010150657121487338;0.5048616305160808;0.0;0.0;0.0;0.0;0.0;0.0;0.0;0.002297253980126082;0.0;0.0;0.0;0.0;0.0;0.0;0.0;0.0;0.0015493108238059622;0.0;0.0;0.0
HSM5FZBU;0.0;0.0;0.009232189567625788;0.003308201261732574;0.1707955070010771;0.0;0.0;0.7948145868595169;0.0;0.0;0.0;0.018079704569933835;0.0;0.0;0.0;0.0;0.0;0.0;0.0;0.0026927219572241883;0.0010770887828896753;0.0;0.0;0.0;0.0;0.0;0.0;0.0;0.0;0.0;0.0;0.0
ESM5MEBA;0.0;0.0;1.0;0.0;0.0;0.0;0.0;0.0;0.0;0.0;0.0;0.0;0.0;0.0;0.0;0.0;0.0;0.0;0.0;0.0;0.0;0.0;0.0;0.0;0.0;0.0;0.0;0.0;0.0;0.0;0.0;0.0
MSM5LLEX;0.0009267840593141798;0.0009267840593141798;0.024096385542168676;0.014828544949026877;0.012974976830398516;0.0;0.0;0.8461538461538461;0.0;0.0;0.0;0.04911955514365153;0.0;0.0;0.0;0.0018535681186283596;0.04355885078776645;0.0;0.0;0.0009267840593141798;0.0;0.0;0.0;0.0;0.0;0.0;0.0009267840593141798;0.0018535681186283596;0.0018535681186283596;0.0;0.0;0.0
HSM5FZBR;0.0;0.0;0.8513931888544891;0.0;0.09184726522187822;0.0;0.0;0.047471620227038186;0.0;0.0;0.0030959752321981426;0.006191950464396285;0.0;0.0;0.0;0.0;0.0;0.0;0.0;0.0;0.0;0.0;0.0;0.0;0.0;0.0;0.0;0.0;0.0;0.0;0.0;0.0
ESM5MEBQ;0.0;0.0;0.0;0.0;0.0;0.0;0.0;1.0;0.0;0.0;0.0;0.0;0.0;0.0;0.0;0.0;0.0;0.0;0.0;0.0;0.0;0.0;0.0;0.0;0.0;0.0;0.0;0.0;0.0;0.0;0.0;0.0
ESM5MEEA;0.0;0.0;0.019029733959311426;0.0;0.04312989045383411;0.0;0.0;0.8783098591549295;0.0;0.0;0.0;0.0092018779342723;0.0;0.0;0.0;0.0;0.0;0.0;0.0;0.04976525821596244;0.0;0.0;0.0;0.0;0.0;0.0;0.0;0.0005633802816901409;0.0;0.0;0.0;0.0
MSM5FZ9S;0.0;0.0;0.0;0.0;0.29265219993071084;0.0;0.0;0.23413435797297724;0.0;0.0;0.0;0.47234732764322385;0.0;0.0;0.0;0.0;0.0;0.0;0.0;0.0008661144530880918;0.0;0.0;0.0;0.0;0.0;0.0;0.0;0.0;0.0;0.0;0.0;0.0
HSM5MD7W;0.0;0.0;0.35802469135802467;0.0;0.041740152851263965;0.0;0.0;0.5161669606114051;0.0;0.0;0.0;0.058788947677836566;0.0;0.0;0.0;0.0;0.0;0.0;0.0;0.025279247501469725;0.0;0.0;0.0;0.0;0.0;0.0;0.0;0.0;0.0;0.0;0.0;0.0
HSM5MD4C;0.0;0.0019828155981493722;0.04560475875743556;0.006609385327164574;0.033707865168539325;0.0;0.0;0.3707865168539326;0.03965631196298744;0.0;0.00991407799074686;0.16391275611368142;0.02775941837409121;0.0;0.0;0.0;0.05023132848645076;0.0;0.019167217448777262;0.16391275611368142;0.0;0.0;0.0;0.0;0.0;0.0;0.0;0.0;0.0667547918043622;0.0;0.0;0.0
MSM5LLFK;0.0;0.0;0.030113446780113448;0.0;0.0017517517517517517;0.0;0.0;0.7689356022689356;0.0;0.0;0.0;0.09876543209876543;0.0001668335001668335;0.0;0.0;0.0;0.0;0.0;0.0;0.09843176509843177;0.0;0.0;0.0;0.0;0.0;0.0;0.0;0.0018351685018351686;0.0;0.0;0.0;0.0
MSM5LLIC;0.0;0.0;0.026286037309214246;0.011494252873563218;0.25645374034294327;0.0;0.0;0.6439608064820049;0.0;0.0;0.000942151874882231;0.004428113811946486;0.0;0.0;0.0;0.0;0.0;0.0;0.0;0.04597701149425287;0.0;0.0001884303749764462;0.0;0.0;0.0;0.0;0.0;0.0;0.006783493499152063;0.0015074429998115696;0.0;0.001978518937252685
MSM5LLGJ;0.0;0.0;0.39622641509433965;0.018867924528301886;0.0;0.0;0.0;0.5660377358490566;0.0;0.0;0.0;0.0;0.0;0.0;0.0;0.0;0.0;0.0;0.0;0.018867924528301886;0.0;0.0;0.0;0.0;0.0;0.0;0.0;0.0;0.0;0.0;0.0;0.0
MSM5LLIK;0.0;0.0;0.03775280898876404;0.0008988764044943821;0.0;0.0;0.0;0.9514606741573034;0.0;0.0;0.009887640449438202;0.0;0.0;0.0;0.0;0.0;0.0;0.0;0.0;0.0;0.0;0.0;0.0;0.0;0.0;0.0;0.0;0.0;0.0;0.0;0.0;0.0
HSM5MD3W;0.0;0.0;0.10187667560321716;0.0;0.002680965147453083;0.0;0.0;0.3780160857908847;0.002680965147453083;0.0;0.05093833780160858;0.0;0.005361930294906166;0.0;0.0;0.0;0.0;0.0;0.0;0.0;0.0;0.0;0.0;0.0;0.0;0.0;0.002680965147453083;0.0;0.45576407506702415;0.0;0.0;0.0
MSM5LLGV;0.0;0.0;0.021124075345077403;0.0;0.023030580340120493;0.0;0.0;0.954777701517578;0.0;0.0;0.0006100815984137879;0.0;0.0;0.0;0.0;0.0;0.0;0.0;0.0;0.0004575611988103409;0.0;0.0;0.0;0.0;0.0;0.0;0.0;0.0;0.0;0.0;0.0;0.0
MSM5LLFU;0.0;0.0;0.1167381974248927;0.0;0.0;0.0;0.0;0.8157367668097282;0.0;0.0;0.0;0.007439198855507869;0.0;0.0;0.0;0.0;0.0;0.0;0.0;0.060085836909871244;0.0;0.0;0.0;0.0;0.0;0.0;0.0;0.0;0.0;0.0;0.0;0.0
MSM5LLEN;0.0;0.0;0.004561442075181358;0.0005495713343591998;0.0019784568036931194;0.0009892284018465597;0.0;0.9815344031655309;0.0;0.0;0.0;0.0;0.0;0.0;0.0;0.0;0.0;0.0;0.0;0.010386898219388877;0.0;0.0;0.0;0.0;0.0;0.0;0.0;0.0;0.0;0.0;0.0;0.0
HSM5FZBP;0.0;0.0;0.44192634560906513;0.0;0.0339943342776204;0.0;0.0;0.1954674220963173;0.0;0.0;0.0;0.3286118980169972;0.0;0.0;0.0;0.0;0.0;0.0;0.0;0.0;0.0;0.0;0.0;0.0;0.0;0.0;0.0;0.0;0.0;0.0;0.0;0.0
MSM5LLD8;0.0;0.0;0.10774410774410774;0.004629629629629629;0.06776094276094276;0.0;0.0;0.8005050505050505;0.0016835016835016834;0.0;0.0;0.007154882154882155;0.0;0.0;0.0;0.0;0.0;0.0;0.0;0.0;0.0;0.0;0.0;0.0;0.0;0.0;0.0;0.0;0.010521885521885523;0.0;0.0;0.0
MSM5LLIM;0.0;0.0;0.6153846153846154;0.0;0.0;0.0;0.0;0.38461538461538464;0.0;0.0;0.0;0.0;0.0;0.0;0.0;0.0;0.0;0.0;0.0;0.0;0.0;0.0;0.0;0.0;0.0;0.0;0.0;0.0;0.0;0.0;0.0;0.0
MSM633FF;0.0009304056568663938;0.0;0.5091179754372906;0.00148864905098623;0.15649423148492742;0.0003721622627465575;0.0;0.26553777446966875;0.004279866021585412;0.0003721622627465575;0.0031633792333457386;0.00297729810197246;0.02232973576479345;0.0;0.0;0.0;0.009117975437290659;0.0;0.0003721622627465575;0.0;0.00018608113137327876;0.0;0.0;0.0016747301823595087;0.0;0.0;0.0;0.0005582433941198362;0.02084108671380722;0.0;0.00018608113137327876;0.0
CSM5FZ4O;0.0;0.0;0.42494996664442963;0.0;0.04336224149432955;0.0;0.0;0.32621747831887926;0.0;0.0;0.0;0.2028018679119413;0.00266844563042028;0.0;0.0;0.0;0.0;0.0;0.0;0.0;0.0;0.0;0.0;0.0;0.0;0.0;0.0;0.0;0.0;0.0;0.0;0.0
HSM5MD7Z;0.0;0.0;0.7309417040358744;0.013452914798206279;0.008968609865470852;0.0;0.0;0.22869955156950672;0.0;0.0;0.0;0.008968609865470852;0.0;0.0;0.0;0.0;0.0;0.0;0.0;0.008968609865470852;0.0;0.0;0.0;0.0;0.0;0.0;0.0;0.0;0.0;0.0;0.0;0.0
CSM5MCVB;0.0;0.0;0.039796954314720814;0.00027072758037225043;0.08602368866328257;0.0;0.0;0.02253807106598985;0.0;0.0;0.0;0.85082910321489;0.0;0.0;0.0;0.0;0.0;0.0;0.0;0.0005414551607445009;0.0;0.0;0.0;0.0;0.0;0.0;0.0;0.0;0.0;0.0;0.0;0.0
CSM5FZ46;0.0;0.0;0.055118935345279264;0.0;0.7659017080582626;0.0;0.0;0.07083726291522582;0.0;0.0;0.0;0.10814209368123232;0.0;0.0;0.0;0.0;0.0;0.0;0.0;0.0;0.0;0.0;0.0;0.0;0.0;0.0;0.0;0.0;0.0;0.0;0.0;0.0
MSM5LLIQ;0.0;0.00028581227849548414;0.018577798102206472;0.00028581227849548414;0.07711215273808163;0.0;0.0;0.7442551732022408;0.0;0.0;0.000342974734194581;0.08791585686521093;0.0005144621012918715;0.0;0.0001714873670972905;0.0;0.0;0.0;0.0;0.018577798102206472;0.0;0.0;0.0;0.0;0.0;0.0;0.0;0.051960672230479024;0.0;0.0;0.0;0.0
MSM5FZ8Y;0.0;0.00042995622263914947;0.011061601000625391;0.0;0.0;0.0011726078799249532;0.0;0.6456378986866792;0.0;0.0;0.0;0.1690509693558474;0.0;0.0;0.0;0.0;0.0;0.0;0.0;0.01700281425891182;0.0;0.0;0.0;0.0;0.0;0.0;0.0;0.0005863039399624766;0.15505784865540964;0.0;0.0;0.0
ESM5MEDZ;0.0;0.0;0.02081967213114754;0.0;0.026721311475409838;0.0;0.0;0.9173770491803279;0.0;0.0;0.0;0.0;0.0;0.0;0.0;0.0;0.0;0.0;0.0014754098360655738;0.03360655737704918;0.0;0.0;0.0;0.0;0.0;0.0;0.0;0.0;0.0;0.0;0.0;0.0
MSM5LLIE;0.0;0.0;0.06835443037974684;0.0;0.20759493670886076;0.0;0.0;0.7211737629459148;0.0;0.0;0.0018411967779056386;0.0;0.0;0.0;0.0;0.0;0.0;0.0;0.0;0.0010356731875719217;0.0;0.0;0.0;0.0;0.0;0.0;0.0;0.0;0.0;0.0;0.0;0.0
CSM5MCVD;0.0;0.0;0.9047619047619048;0.0;0.0;0.0;0.0;0.047619047619047616;0.0;0.0;0.0;0.0;0.0;0.0;0.0;0.0;0.0;0.0;0.0;0.0;0.0;0.0;0.0;0.0;0.0;0.0;0.0;0.0;0.0;0.0;0.0;0.047619047619047616
CSM5FZ4G;0.0;0.0;0.011514510633298084;0.0;0.0;0.0;0.0;0.9884854893667019;0.0;0.0;0.0;0.0;0.0;0.0;0.0;0.0;0.0;0.0;0.0;0.0;0.0;0.0;0.0;0.0;0.0;0.0;0.0;0.0;0.0;0.0;0.0;0.0
MSM5LLHZ;0.0;0.0;0.634457478005865;0.00249266862170088;0.046041055718475075;0.0;0.0;0.31158357771260997;0.0004398826979472141;0.0;0.0005865102639296188;0.0005865102639296188;0.0032258064516129032;0.0;0.0;0.0;0.0001466275659824047;0.0;0.0001466275659824047;0.0;0.0;0.0;0.0;0.0;0.0;0.0;0.0;0.0;0.0002932551319648094;0.0;0.0;0.0
HSM5MD47;0.0;0.0;0.0;0.0;0.0;0.0;0.0;1.0;0.0;0.0;0.0;0.0;0.0;0.0;0.0;0.0;0.0;0.0;0.0;0.0;0.0;0.0;0.0;0.0;0.0;0.0;0.0;0.0;0.0;0.0;0.0;0.0
CSM5MCUI;0.0;0.0;0.13067777108103665;0.0009862473289134841;0.03128595693386664;0.0;0.0;0.831735247383705;0.0;0.0;0.0;0.0007670812558215988;0.0;0.0;0.0;0.0;0.0005479151827297135;0.0;0.0;0.003013533505013424;0.0;0.0;0.0;0.0;0.0;0.0;0.0;0.0009862473289134841;0.0;0.0;0.0;0.0
CSM5FZ44;0.0;0.0;0.8151260504201681;0.0;0.10084033613445378;0.0;0.0;0.08403361344537816;0.0;0.0;0.0;0.0;0.0;0.0;0.0;0.0;0.0;0.0;0.0;0.0;0.0;0.0;0.0;0.0;0.0;0.0;0.0;0.0;0.0;0.0;0.0;0.0
MSM5LLIO;0.0;0.0;0.00961777115909655;0.0011789525936957061;0.0;0.0;0.0;0.9887068751551253;0.0;0.0;0.0;0.0002482005460412013;0.0;0.0;0.0;0.0;0.0;0.0;0.0;0.0002482005460412013;0.0;0.0;0.0;0.0;0.0;0.0;0.0;0.0;0.0;0.0;0.0;0.0
ESM5MEBL;0.0;0.0;0.02136356204697804;0.0;0.0016349664831870946;0.0;0.0;0.5747452177230367;0.0;0.0;0.0;0.22867731211510164;0.0;0.0;0.0;0.0;0.0;0.0;0.00027249441386451576;0.1725979617417843;0.0;0.0;0.0;0.0;0.0;0.0;0.0;0.0007084854760477411;0.0;0.0;0.0;0.0
MSM5LLHK;0.0;0.0;0.007953753433643558;8.199745807879956e-05;0.15313025296215818;0.0;0.0;0.7602804313066295;0.000368988561354598;0.0;0.024681234881718667;0.005739822065515969;0.0;0.0;0.0;0.0;0.0;0.0;0.0;0.0;0.0;0.0;0.0;0.0;0.0;0.0;0.0;0.0;0.04030175064572998;0.0032798983231519824;0.0;0.004181870362018778
CSM5MCU4;0.0;0.0;0.09869431643625191;0.0;0.28993855606758834;0.0;0.0;0.6113671274961597;0.0;0.0;0.0;0.0;0.0;0.0;0.0;0.0;0.0;0.0;0.0;0.0;0.0;0.0;0.0;0.0;0.0;0.0;0.0;0.0;0.0;0.0;0.0;0.0
CSM5MCVV;0.0;0.0;0.05088107407124876;0.0;0.009154016324662445;0.0;0.0;0.2643985048440003;0.0;0.0;0.0;0.6516133953772217;0.0;0.0;0.0;0.0;0.0;0.0;0.0;0.0004577008162331223;0.0;0.0;0.0;0.0;0.0;0.0;0.0;0.0012968189793271798;0.02196963917918987;0.0;0.0;0.00022885040811656114
MSM5LLH6;0.0;0.0;1.0;0.0;0.0;0.0;0.0;0.0;0.0;0.0;0.0;0.0;0.0;0.0;0.0;0.0;0.0;0.0;0.0;0.0;0.0;0.0;0.0;0.0;0.0;0.0;0.0;0.0;0.0;0.0;0.0;0.0
MSM5LLGD;0.0;0.0;1.0;0.0;0.0;0.0;0.0;0.0;0.0;0.0;0.0;0.0;0.0;0.0;0.0;0.0;0.0;0.0;0.0;0.0;0.0;0.0;0.0;0.0;0.0;0.0;0.0;0.0;0.0;0.0;0.0;0.0
MSM5FZA2;0.0;0.0;0.09995409334353482;0.0;0.0;0.0008569242540168324;0.0;0.747911247130834;0.0;0.0;0.0;0.11724560061208875;6.120887528691661e-05;0.0;0.0;0.0;6.120887528691661e-05;0.0;0.0;0.02127008416220352;0.0;0.0;0.0;0.0;0.0;0.0;0.0;0.0013465952563121652;0.011293037490436112;0.0;0.0;0.0
MSM5LLE9;0.0;0.0;0.0;0.0;0.0;0.0;0.0;1.0;0.0;0.0;0.0;0.0;0.0;0.0;0.0;0.0;0.0;0.0;0.0;0.0;0.0;0.0;0.0;0.0;0.0;0.0;0.0;0.0;0.0;0.0;0.0;0.0
ESM5MEEC;0.0;0.0;0.6762177650429799;0.0;0.0028653295128939827;0.0;0.0;0.2722063037249284;0.0;0.0;0.0;0.0;0.0057306590257879654;0.0;0.0;0.0;0.03151862464183381;0.0;0.0;0.011461318051575931;0.0;0.0;0.0;0.0;0.0;0.0;0.0;0.0;0.0;0.0;0.0;0.0
HSM5MD4B;0.0;0.0;1.0;0.0;0.0;0.0;0.0;0.0;0.0;0.0;0.0;0.0;0.0;0.0;0.0;0.0;0.0;0.0;0.0;0.0;0.0;0.0;0.0;0.0;0.0;0.0;0.0;0.0;0.0;0.0;0.0;0.0
CSM5MCV3;0.0;0.0;0.07191568505889646;0.0;0.29184748915065095;0.0;0.0;0.09764414135151891;0.0;0.0;0.00030998140111593303;0.5362678239305642;0.0;0.0;0.0;0.0;0.0;0.0;0.0;0.0020148791072535648;0.0;0.0;0.0;0.0;0.0;0.0;0.0;0.0;0.0;0.0;0.0;0.0
ESM5MEA7;6.614078260108355e-05;2.1398488488585852e-05;0.2851397224032448;0.00032486796159943973;2.7234439894563813e-05;0.000579704506327144;2.9179757029889796e-06;0.388781356080575;0.0002305200805361294;0.0;0.00019842234780325063;0.14317728647712794;0.011427765511472508;9.726585676629932e-07;0.12512766143700577;9.726585676629932e-06;0.0036717860929277994;0.0;0.00034237581581737363;0.0387993502640768;5.835951405977959e-06;0.0;8.75392710896694e-06;9.726585676629932e-07;9.726585676629932e-07;0.0;0.0;0.002049391602065927;0.0;0.0;4.863292838314966e-06;0.0
MSM5LLGX;0.0;0.0;0.04603258013662638;0.0;0.017761429322122962;0.0;0.0;0.9345244351024697;0.0;0.0;0.0;0.0;0.0;0.0;0.0;0.0;0.0;0.0;0.0;0.0016815554387808723;0.0;0.0;0.0;0.0;0.0;0.0;0.0;0.0;0.0;0.0;0.0;0.0
HSM5MD5H;0.0;0.0;0.027468107114124812;0.005171819331111367;0.2806573957016435;0.0;0.0;0.6192391679117343;0.0;0.0;0.00034478795540742444;0.05252269854039766;0.0;0.0;0.0;0.0;0.0;0.0;0.0;0.014596023445580968;0.0;0.0;0.0;0.0;0.0;0.0;0.0;0.0;0.0;0.0;0.0;0.0
CSM5MCW8;0.0;0.0;0.0;0.0027347310847766638;0.0;0.0;0.0;0.30758128228501974;0.0;0.0;0.0;0.6880887268307505;0.0;0.0;0.0;0.0;0.0;0.0;0.0;0.0015952597994530538;0.0;0.0;0.0;0.0;0.0;0.0;0.0;0.0;0.0;0.0;0.0;0.0
HSM5MD86;0.0;0.0;2.5172114331743294e-05;0.0;0.0010068845732697318;0.000427925943639636;0.0;0.009464714988735478;0.0;0.0;0.0;0.8727927202245352;0.0;0.0;0.0;0.0;0.01964683523592564;0.0;0.0;0.0966357469195625;0.0;0.0;0.0;0.0;0.0;0.0;0.0;0.0;0.0;0.0;0.0;0.0
HSM5MD4R;0.0;0.0;0.1609945335919591;0.0;0.02856639040733557;0.0;0.0;0.7802856639040734;0.0;0.0;0.0;0.0017633574325515782;0.0;0.0;0.0;0.0;0.0;0.0;0.0;0.02839005466408041;0.0;0.0;0.0;0.0;0.0;0.0;0.0;0.0;0.0;0.0;0.0;0.0
MSM5LLHG;0.0;0.0;0.0;0.0;0.0;0.0;0.0;1.0;0.0;0.0;0.0;0.0;0.0;0.0;0.0;0.0;0.0;0.0;0.0;0.0;0.0;0.0;0.0;0.0;0.0;0.0;0.0;0.0;0.0;0.0;0.0;0.0
CSM5FZ48;0.0;0.0;1.0;0.0;0.0;0.0;0.0;0.0;0.0;0.0;0.0;0.0;0.0;0.0;0.0;0.0;0.0;0.0;0.0;0.0;0.0;0.0;0.0;0.0;0.0;0.0;0.0;0.0;0.0;0.0;0.0;0.0
ESM5MEET;0.0;0.002463202162811655;0.004385701411835386;0.024752177831180534;0.021988585160708923;0.0;0.0;0.4604986482427155;0.0;0.0;0.0;0.19633523580654852;0.0;0.0;0.0;0.0;0.001021327726043857;0.0;0.0;0.2678281766296185;0.0;0.0;0.0;0.0;0.0;0.0;0.0;0.0007810153199158907;0.019945929708621208;0.0;0.0;0.0
ESM5MEEG;0.0;0.0;0.06820993108323026;0.012369676621311186;0.6315603463509454;0.0;0.0;0.22777875949814455;0.0;0.0;0.0;0.05336631913765683;0.0;0.0;0.0;0.0;0.0019438063262060435;0.0;0.0;0.004771160982505743;0.0;0.0;0.0;0.0;0.0;0.0;0.0;0.0;0.0;0.0;0.0;0.0
MSM5LLGH;0.0;0.0;0.0;1.0;0.0;0.0;0.0;0.0;0.0;0.0;0.0;0.0;0.0;0.0;0.0;0.0;0.0;0.0;0.0;0.0;0.0;0.0;0.0;0.0;0.0;0.0;0.0;0.0;0.0;0.0;0.0;0.0
MSM5FZ9Z;0.0;0.0;0.020604091278339856;0.0;0.0008123476848090983;0.0025847426334834945;0.0;0.6133225020308692;0.0;0.0;0.0;0.12465844472343254;0.0;0.0;0.0;0.0;0.0;0.0;0.0;0.006203382320360387;0.0;0.0;0.0;0.0;0.0;0.0;0.0;0.0;0.2318144893287054;0.0;0.0;0.0
CSM5MCVH;0.0;0.0;0.00021645021645021645;0.0006493506493506494;0.0;0.0;0.0;0.2718975468975469;0.0;0.0;0.0;0.5397546897546898;0.0;0.0;0.0;0.0;0.0;0.0;0.0;0.18748196248196247;0.0;0.0;0.0;0.0;0.0;0.0;0.0;0.0;0.0;0.0;0.0;0.0
MSM5LLHM;0.0;0.0;0.0;0.0;0.7;0.0;0.0;0.0;0.0;0.0;0.0;0.0;0.0;0.0;0.0;0.0;0.0;0.0;0.0;0.0;0.3;0.0;0.0;0.0;0.0;0.0;0.0;0.0;0.0;0.0;0.0;0.0
HSM5MD87;0.0;0.0;0.0;0.0;0.0;0.0;0.0;1.0;0.0;0.0;0.0;0.0;0.0;0.0;0.0;0.0;0.0;0.0;0.0;0.0;0.0;0.0;0.0;0.0;0.0;0.0;0.0;0.0;0.0;0.0;0.0;0.0
CSM5MCV1;0.0;0.0;0.7454545454545455;0.0;0.029545454545454545;0.0;0.0;0.03409090909090909;0.0;0.0;0.0;0.19090909090909092;0.0;0.0;0.0;0.0;0.0;0.0;0.0;0.0;0.0;0.0;0.0;0.0;0.0;0.0;0.0;0.0;0.0;0.0;0.0;0.0
CSM5YRY7;0.0;0.0;0.6904024767801857;0.0;0.0;0.0;0.0;0.24458204334365324;0.0;0.0;0.0;0.02786377708978328;0.0;0.0;0.0;0.0;0.0;0.0;0.0;0.0;0.0;0.0;0.0;0.0;0.0;0.0;0.0;0.0;0.03715170278637771;0.0;0.0;0.0
ESM5MEE6;0.0;0.0;0.5306122448979592;0.0;0.04081632653061224;0.0;0.0;0.40816326530612246;0.0;0.0;0.02040816326530612;0.0;0.0;0.0;0.0;0.0;0.0;0.0;0.0;0.0;0.0;0.0;0.0;0.0;0.0;0.0;0.0;0.0;0.0;0.0;0.0;0.0
CSM5FZ3Z;0.0;0.0;0.08623153882801333;0.0;0.6407813244402096;0.0;0.0;0.1697633793870097;0.0;0.0;0.0;0.10322375734476735;0.0;0.0;0.0;0.0;0.0;0.0;0.0;0.0;0.0;0.0;0.0;0.0;0.0;0.0;0.0;0.0;0.0;0.0;0.0;0.0
MSM5FZ9N;0.0;0.0;0.0;0.0;0.32883054068060114;0.0;0.0;0.37154949041285196;0.0;0.0;0.0;0.271687683537744;3.4548281223009156e-05;0.0;0.0;0.0;0.0;0.0;0.0;0.027897737087579894;0.0;0.0;0.0;0.0;0.0;0.0;0.0;0.0;0.0;0.0;0.0;0.0
ESM5GEZA;0.0;0.0;0.700952380952381;0.013333333333333334;0.02095238095238095;0.0;0.0;0.26285714285714284;0.0;0.0;0.0;0.0;0.0;0.0;0.0;0.0;0.0;0.0;0.0;0.0019047619047619048;0.0;0.0;0.0;0.0;0.0;0.0;0.0;0.0;0.0;0.0;0.0;0.0
HSM5FZBQ;0.0;0.0;0.8613636363636363;0.0007575757575757576;0.015151515151515152;0.0007575757575757576;0.0;0.08484848484848485;0.0;0.0;0.0030303030303030303;0.02196969696969697;0.0007575757575757576;0.0;0.0;0.0007575757575757576;0.0030303030303030303;0.0;0.0;0.007575757575757576;0.0;0.0;0.0;0.0;0.0;0.0;0.0;0.0;0.0;0.0;0.0;0.0
HSM5MD3L;0.00045578851412944393;0.0;0.2283500455788514;0.02643573381950775;0.18003646308113036;0.0;0.0;0.49544211485870554;0.00045578851412944393;0.0;0.03236098450319052;0.005925250683682771;0.0036463081130355514;0.0;0.0;0.0;0.009115770282588878;0.0;0.0;0.017775752051048314;0.0;0.0;0.0;0.0;0.0;0.0;0.0;0.0;0.0;0.0;0.0;0.0
ESM5MEE2;0.0;0.0;0.09441969021854445;0.0;0.01718650541056652;0.0;0.0;0.8572034797368979;0.0;0.0;0.0;0.0;0.0;0.0;0.0;0.0;0.0;0.0;0.0;0.031190324633991087;0.0;0.0;0.0;0.0;0.0;0.0;0.0;0.0;0.0;0.0;0.0;0.0
MSM5LLGT;0.0;0.0;0.021790943139257744;0.0;0.1647940074906367;0.0;0.0;0.7841334695267279;0.0;0.0;0.004937010554988083;0.023663602315287708;0.0;0.0;0.0;0.0;0.0;0.0;0.0;0.0006809669731018045;0.0;0.0;0.0;0.0;0.0;0.0;0.0;0.0;0.0;0.0;0.0;0.0
MSM5LLFS;0.0;0.0;0.015369177141649941;0.0;0.0004753353755149467;0.0;0.0;0.9732755888877153;0.0;0.0;0.0;0.009295447343403401;0.0;0.0;0.0;0.0;0.0;0.0;0.0;0.0015844512517164888;0.0;0.0;0.0;0.0;0.0;0.0;0.0;0.0;0.0;0.0;0.0;0.0
MSM5FZ9Q;0.0;0.0;8.27638392962709e-05;0.0;0.4367802501832628;0.0;0.0;0.19209487100664474;0.0;0.0;0.0;0.37085294048097617;0.0;0.0;0.0;0.0;0.0;0.0;0.0;0.00018917448982004776;0.0;0.0;0.0;0.0;0.0;0.0;0.0;0.0;0.0;0.0;0.0;0.0
HSM5FZBT;0.0;0.0;0.015748674010607915;0.0;0.29865361077111385;0.0;0.0;0.3756017951856385;0.0;0.0;0.0;0.30771113831089353;0.0;0.0;0.0;0.0;0.0;0.0;0.0;0.002284781721746226;0.0;0.0;0.0;0.0;0.0;0.0;0.0;0.0;0.0;0.0;0.0;0.0
CSM5MCVZ;0.0;0.0;0.17973856209150327;0.0;0.3202614379084967;0.0;0.0;0.5;0.0;0.0;0.0;0.0;0.0;0.0;0.0;0.0;0.0;0.0;0.0;0.0;0.0;0.0;0.0;0.0;0.0;0.0;0.0;0.0;0.0;0.0;0.0;0.0
CSM5FZ4I;0.0064516129032258064;0.0;0.07096774193548387;0.020347394540942927;0.4600496277915633;0.001488833746898263;0.0;0.23970223325062034;0.00794044665012407;0.0;0.001488833746898263;0.005955334987593052;0.052109181141439205;0.0;0.006947890818858561;0.008436724565756825;0.052109181141439205;0.011910669975186104;0.0034739454094292804;0.0064516129032258064;0.0024813895781637717;0.0;0.0;0.0019851116625310174;0.0;0.0034739454094292804;0.0019851116625310174;0.004466501240694789;0.02977667493796526;0.0;0.0;0.0
MSM5LLE5;0.0;0.0;4.462791476068281e-05;0.0;0.8355684480642642;0.0;0.0;0.15981256275800512;0.0;0.0;0.0;0.003637175052995649;8.925582952136562e-05;0.0;0.0;0.0;0.0;0.0;0.0;0.0004462791476068281;0.0;0.0;0.0;0.0;0.0;0.0;0.0;0.00040165123284614524;0.0;0.0;0.0;0.0
CSM5FZ3X;0.0;0.0;0.009849070556993512;0.0;0.6369625869777136;0.0;0.0;0.060707922955393456;0.0;0.0;0.0;0.2924804195098995;0.0;0.0;0.0;0.0;0.0;0.0;0.0;0.0;0.0;0.0;0.0;0.0;0.0;0.0;0.0;0.0;0.0;0.0;0.0;0.0
CSM5FZ3N;0.0;0.0;0.03889158969372873;0.0;0.0;0.0;0.0;0.9579484686436558;0.0;0.0;0.0;0.0031599416626154593;0.0;0.0;0.0;0.0;0.0;0.0;0.0;0.0;0.0;0.0;0.0;0.0;0.0;0.0;0.0;0.0;0.0;0.0;0.0;0.0
ESM5GEZ8;0.0;0.0;0.03680816765180011;0.008507970625111947;0.41581586960415545;0.0;0.0;0.5154039047107289;0.0;0.0;0.0;0.015493462296256493;0.0;0.0;0.0;0.0;0.0006269030986924592;0.0;0.0;0.007343722013254523;0.0;0.0;0.0;0.0;0.0;0.0;0.0;0.0;0.0;0.0;0.0;0.0
ESM5MEEB;0.0;0.0;0.5555555555555556;0.0;0.0;0.0;0.0;0.4444444444444444;0.0;0.0;0.0;0.0;0.0;0.0;0.0;0.0;0.0;0.0;0.0;0.0;0.0;0.0;0.0;0.0;0.0;0.0;0.0;0.0;0.0;0.0;0.0;0.0
