Unnamed: 0;g__;g__AF12;g__Acidaminococcus;g__Acidocella;g__Acinetobacter;g__Actinobacillus;g__Actinomyces;g__Adlercreutzia;g__Aggregatibacter;g__Agrobacterium;g__Akkermansia;g__Allobaculum;g__Alloscardovia;g__Anaerofustis;g__Anaerostipes;g__Anaerotruncus;g__Atopobium;g__Bacillus;g__Bacteroides;g__Bifidobacterium;g__Bilophila;g__Blautia;g__Bradyrhizobium;g__Bulleidia;g__Burkholderia;g__Butyricimonas;g__CF231;g__Campylobacter;g__Cardiobacterium;g__Christensenella;g__Chryseobacterium;g__Citrobacter;g__Clostridium;g__Collinsella;g__Conchiformibius;g__Coprobacillus;g__Coprococcus;g__Corynebacterium;g__Cryocola;g__Desulfovibrio;g__Dialister;g__Dietzia;g__Dorea;g__Dysgonomonas;g__Eggerthella;g__Eikenella;g__Enterobacter;g__Enterococcus;g__Epulopiscium;g__Erwinia;g__Eubacterium;g__Faecalibacterium;g__Flexispira;g__Fusobacterium;g__Granulicatella;g__Haemophilus;g__Helicobacter;g__Holdemania;g__Hydrogenophaga;g__Klebsiella;g__Lachnobacterium;g__Lachnospira;g__Lactobacillus;g__Lactococcus;g__Lautropia;g__Leptotrichia;g__Leuconostoc;g__Megasphaera;g__Methanobrevibacter;g__Morganella;g__Moryella;g__Mucispirillum;g__Neisseria;g__Odoribacter;g__Oribacterium;g__Oscillospira;g__Oxalobacter;g__Paenibacillus;g__Parabacteroides;g__Paraprevotella;g__Parvimonas;g__Pediococcus;g__Peptococcus;g__Peptoniphilus;g__Phascolarctobacterium;g__Porphyromonas;g__Prevotella;g__Proteus;g__Pseudomonas;g__Ralstonia;g__Roseburia;g__Rothia;g__Ruminococcus;g__Selenomonas;g__Serratia;g__Staphylococcus;g__Streptococcus;g__Sutterella;g__Treponema;g__Turicibacter;g__Vagococcus;g__Variovorax;g__Veillonella;g__WAL_1855D;g__YRC22;g__cc_115;g__ph2
MSM5LLHI;0.35569422776911075;0.0;0.0;0.0;0.0;0.0;0.0;0.0;0.0;0.0;0.06440829061733898;0.0;0.0;0.0;0.0;0.0;0.0;0.0;0.08179184310229552;0.0;0.0;0.0;0.0;0.0;0.0;0.007577445954981056;0.0;0.0;0.0;0.0;0.0;0.0;0.0;0.0;0.0;0.0;0.0;0.0;0.0;0.0;0.0;0.0;0.0;0.0;0.0;0.0;0.0;0.0;0.0;0.0;0.0;0.3929128593715177;0.0;0.0;0.0;0.0;0.0;0.0;0.0;0.0;0.0;0.0;0.0;0.0;0.0;0.0;0.0;0.0;0.0;0.0;0.0;0.0;0.0;0.0;0.0;0.014263427679964342;0.0;0.0;0.0035658569199910855;0.0;0.0;0.0;0.0;0.0;0.0;0.0;0.0;0.0;0.0;0.0;0.0;0.0;0.024069534209939826;0.0;0.0;0.0;0.0;0.05571651437486071;0.0;0.0;0.0;0.0;0.0;0.0;0.0;0.0;0.0
MSM5FZ9V;0.4482000107301894;0.0;0.0;0.0;0.0;0.0;0.0;0.0;0.0;0.0;0.1266162347765438;0.0;0.0;0.0;0.0;0.0;0.0;0.0;0.00037555662857449436;0.0006974623102097752;0.0;0.0;0.0;0.0;0.0;0.0;0.0;0.004721283330650786;0.0;0.0;0.0;0.0;0.004882236171468426;0.0;0.0;0.0;0.0011803208326626965;0.0;0.0;0.0;0.0;0.0;0.006277160791887977;0.0;0.0;0.0;0.0;0.0;0.0;0.0;0.0;0.13831214120929233;0.0;0.0;0.0;0.0;0.0;0.0;0.0;0.004077471967380225;0.0;0.029990879339020334;0.0;0.0;0.0;0.0;0.0;0.0;0.0;0.0;0.0;0.0;0.0;0.0;0.0;0.03294168142067708;0.0;0.0;0.0;0.0;0.0;0.0;0.0;0.0;0.0;0.0;0.009335264767423145;0.0;0.0;0.0;0.14303342453994314;0.0;0.04871505982080584;0.0;0.0;0.0;0.0;0.0;0.0;0.0006438113632705617;0.0;0.0;0.0;0.0;0.0;0.0;0.0
MSM5ZOJY;0.5239318550567874;0.0;0.0;0.0;0.0;0.0;0.0;0.0;0.0;0.0;0.0006422390481341265;0.0;0.0;0.0;0.0;0.0;0.0;0.0;0.0;0.0;0.0;0.0018591130340724715;0.0;0.0;0.0;0.0;0.0;0.0;0.0;0.0;0.0;0.0;0.0008788534342888048;0.0;0.0;0.0;0.0;0.0;0.0;0.0;0.0;0.0;0.01602217414818821;0.0;0.0;0.0;0.0;0.0;0.0;0.053542455381287185;0.00016901027582477015;0.0;0.0;0.0;0.0;0.0;0.0;0.00040562466197944835;0.0;0.0;0.0;0.08582341806381828;0.0;0.0;0.0;0.0;0.0;0.0;0.0;0.0;0.0;0.0;0.0;0.0;0.00016901027582477015;0.041373715521903734;0.0;0.0;0.0;0.0;0.0;0.0;0.0;0.0;0.0;0.0;0.00040562466197944835;0.005475932936722553;0.0;0.0;0.23762844780962683;0.0;0.030523255813953487;0.0;0.0;0.0;0.0;0.0;0.0;0.001149269875608437;0.0;0.0;0.0;0.0;0.0;0.0;0.0
CSM5MCV5;0.6012394486590448;0.0;0.0;0.0;0.0;0.0;0.0;0.0;0.0;0.0;0.0015493108238059622;0.0;0.0;0.0;0.0;0.0;0.0;0.0;0.0011753392456459023;0.0;0.0;0.001282188267977348;0.0;0.0;0.0;0.0;0.0;0.0;0.0;0.0;0.0;0.0;0.0024575275136232504;0.0;0.0;0.0;0.0;0.0;0.0;0.0010150657121487338;0.0;0.0;0.0;0.0;0.0;0.0;0.0;0.0;0.0;0.00037397157816005983;0.0;0.007426007052035474;0.0;0.0;0.0;0.0;0.0;0.0;0.0;0.0;0.0;0.0;0.0;0.0;0.0;0.0;0.0;0.0;0.0;0.0;0.0;0.0;0.0;0.0;0.0;0.0;0.0;0.0;0.0;0.0;0.0;0.0;0.0;0.0;0.0;0.0;0.0;0.0010150657121487338;0.0;0.0;0.0;0.0;0.000641094133988674;0.0;0.0;0.0;0.0;0.3818249813014211;0.0;0.0;0.0;0.0;0.0;0.0;0.0;0.0;0.0
HSM5FZBU;0.2177258039698415;0.0;0.0;0.0;0.0010770887828896753;0.0;0.0;0.0;0.0;0.0;0.0;0.0;0.0;0.0;0.0;0.0;0.0;0.0;0.008155100784736113;0.003308201261732574;0.0;0.0;0.0;0.0;0.0;0.0;0.0;0.0;0.0;0.0;0.0;0.0;0.0023849823049699953;0.0;0.0;0.0;0.0;0.0;0.0;0.0;0.0;0.0;0.0014617633482074165;0.0;0.0;0.0;0.0;0.0;0.0;0.0004616094783812894;0.0;0.3523619018310509;0.0;0.0;0.0;0.0;0.0;0.0;0.0;0.0;0.0;0.0;0.0;0.0;0.0;0.0;0.0;0.0;0.0;0.0;0.0;0.0;0.0;0.0;0.0;0.0;0.0;0.0;0.0010770887828896753;0.0;0.0;0.0;0.0;0.0;0.0;0.0;0.0;0.0;0.0;0.0;0.24488382828127403;0.0;0.004462224957685798;0.0;0.0;0.0;0.0;0.162640406216341;0.0;0.0;0.0;0.0;0.0;0.0;0.0;0.0;0.0
ESM5MEBA;0.0;0.0;0.0;0.0;0.0;0.0;0.0;0.0;0.0;0.0;0.0;0.0;0.0;0.0;0.0;0.0;0.0;0.0;1.0;0.0;0.0;0.0;0.0;0.0;0.0;0.0;0.0;0.0;0.0;0.0;0.0;0.0;0.0;0.0;0.0;0.0;0.0;0.0;0.0;0.0;0.0;0.0;0.0;0.0;0.0;0.0;0.0;0.0;0.0;0.0;0.0;0.0;0.0;0.0;0.0;0.0;0.0;0.0;0.0;0.0;0.0;0.0;0.0;0.0;0.0;0.0;0.0;0.0;0.0;0.0;0.0;0.0;0.0;0.0;0.0;0.0;0.0;0.0;0.0;0.0;0.0;0.0;0.0;0.0;0.0;0.0;0.0;0.0;0.0;0.0;0.0;0.0;0.0;0.0;0.0;0.0;0.0;0.0;0.0;0.0;0.0;0.0;0.0;0.0;0.0;0.0;0.0
MSM5LLEX;0.2845227062094532;0.0009267840593141798;0.0;0.0;0.0;0.0;0.0009267840593141798;0.0;0.0;0.0;0.0018535681186283596;0.0;0.009267840593141797;0.0;0.0;0.0;0.0;0.0;0.020389249304911955;0.005560704355885079;0.0;0.0009267840593141798;0.0;0.0;0.0;0.0;0.0;0.0;0.0;0.0;0.0;0.0;0.05375347544022243;0.0;0.0;0.0;0.042632066728452274;0.0;0.0;0.0;0.0;0.0;0.0018535681186283596;0.0;0.0;0.0;0.0;0.0;0.021316033364226137;0.0;0.0;0.011121408711770158;0.0;0.0;0.0018535681186283596;0.0009267840593141798;0.0;0.0;0.0;0.0;0.0;0.0;0.0037071362372567192;0.0;0.0;0.0;0.0;0.0;0.0;0.0;0.0;0.0;0.0;0.0;0.0;0.0;0.0;0.0009267840593141798;0.0;0.0;0.0;0.0;0.0;0.0;0.0;0.0;0.0018535681186283596;0.0;0.0;0.010194624652455977;0.0018535681186283596;0.0;0.0009267840593141798;0.0;0.0;0.0;0.037998146431881374;0.0027803521779425394;0.0;0.0018535681186283596;0.0;0.0;0.48007414272474513;0.0;0.0;0.0;0.0
HSM5FZBR;0.038183694530443756;0.0;0.0;0.0;0.0;0.0;0.0;0.0;0.0;0.0;0.0;0.0;0.0;0.0;0.0;0.0;0.0;0.0;0.17647058823529413;0.0;0.0030959752321981426;0.0;0.0;0.0;0.0;0.0;0.0;0.0;0.0;0.0;0.0;0.0;0.0;0.0;0.0;0.0;0.0;0.0;0.0;0.0;0.0;0.0;0.0;0.0;0.0;0.0;0.0;0.0;0.0;0.0;0.0;0.0041279669762641896;0.0;0.0;0.0;0.0;0.0;0.0;0.0;0.0;0.0;0.0;0.0;0.0;0.0;0.0;0.0;0.0;0.0;0.0;0.0;0.0;0.0;0.0;0.0;0.0;0.0;0.0;0.07120743034055728;0.0;0.0;0.0;0.0;0.0;0.0;0.0;0.6037151702786377;0.0;0.0;0.0;0.0;0.0;0.011351909184726523;0.0;0.0;0.0;0.0;0.09184726522187822;0.0;0.0;0.0;0.0;0.0;0.0;0.0;0.0;0.0
ESM5MEBQ;1.0;0.0;0.0;0.0;0.0;0.0;0.0;0.0;0.0;0.0;0.0;0.0;0.0;0.0;0.0;0.0;0.0;0.0;0.0;0.0;0.0;0.0;0.0;0.0;0.0;0.0;0.0;0.0;0.0;0.0;0.0;0.0;0.0;0.0;0.0;0.0;0.0;0.0;0.0;0.0;0.0;0.0;0.0;0.0;0.0;0.0;0.0;0.0;0.0;0.0;0.0;0.0;0.0;0.0;0.0;0.0;0.0;0.0;0.0;0.0;0.0;0.0;0.0;0.0;0.0;0.0;0.0;0.0;0.0;0.0;0.0;0.0;0.0;0.0;0.0;0.0;0.0;0.0;0.0;0.0;0.0;0.0;0.0;0.0;0.0;0.0;0.0;0.0;0.0;0.0;0.0;0.0;0.0;0.0;0.0;0.0;0.0;0.0;0.0;0.0;0.0;0.0;0.0;0.0;0.0;0.0;0.0
ESM5MEEA;0.10147104851330203;0.0;0.0;0.0;0.0;0.0;0.0;0.0;0.0;0.0;0.0;0.0;0.0;0.0;0.0;0.0;0.0;0.0;0.01784037558685446;0.0;0.0;0.0006885758998435055;0.0;0.0;0.0;0.0;0.0;0.0;0.0;0.0;0.0;0.0;0.0;0.0;0.0;0.0;0.0005007824726134585;0.0;0.0;0.0;0.0;0.0;0.0005633802816901409;0.0;0.0;0.0;0.0;0.0;0.0;0.0;0.0;0.7737089201877935;0.0;0.0;0.0;0.04300469483568075;0.0;0.0;0.0;0.001815336463223787;0.0;0.009765258215962441;0.0;0.0;0.0;0.0;0.0;0.0;0.0;0.0;0.0;0.0;0.0;0.0;0.0;0.0;0.0;0.0;0.001189358372456964;0.0;0.0;0.0;0.0;0.0;0.0;0.0;0.0;0.0;0.0;0.0;0.005758998435054773;0.0;0.0;0.0;0.0;0.0;0.0;0.04312989045383411;0.0;0.0005633802816901409;0.0;0.0;0.0;0.0;0.0;0.0;0.0
MSM5FZ9S;0.596201694434821;0.0;0.0;0.0;0.0;0.0;0.0;0.0;0.0;0.0;0.0;0.0;0.0;0.0;0.0005984063494063179;0.0;0.0;0.0;0.0;0.0;0.0;0.0;0.0;0.0;0.0;0.0;0.0;0.0;0.0;0.0;0.0;0.0;0.0;0.0;0.0;0.0;0.0;0.0;0.0;0.0;0.0;0.0;0.004330572265440458;0.0;0.0;0.0;0.0;0.0;0.0;0.0;0.0;0.0012912979118767914;0.0;0.0;0.0;0.0;0.0;0.0;0.0;0.0;0.0;0.016424679537652358;0.0;0.0;0.0;0.0;0.0;0.0;0.0;0.0;0.0;0.0;0.0;0.0;0.0;0.019652924317344337;0.0;0.0;0.0;0.0;0.0;0.0;0.0;0.0;0.0;0.0;0.0;0.0;0.0;0.0;0.02469213568076596;0.0;0.04376240118421467;0.0;0.0;0.0;0.0;0.29265219993071084;0.0;0.0;0.0;0.0;0.0003936883877673144;0.0;0.0;0.0;0.0
HSM5MD7W;0.17166372721928277;0.0;0.0;0.0;0.0;0.025279247501469725;0.0;0.0;0.0;0.0;0.0;0.0;0.0;0.0;0.0;0.0;0.0;0.0;0.022339800117577895;0.0;0.0;0.0;0.0;0.0;0.0;0.0;0.0;0.0;0.0;0.0;0.0;0.0;0.0;0.0;0.0;0.0;0.0;0.0;0.0;0.0;0.0;0.0;0.0;0.0;0.0;0.0;0.0;0.0;0.0;0.0;0.0;0.38918283362727807;0.0;0.0;0.0;0.0;0.0;0.0;0.0;0.0;0.0;0.0;0.0;0.0;0.0;0.0;0.0;0.0;0.0;0.0;0.0;0.0;0.0;0.0;0.0;0.0;0.0;0.0;0.007642563198118754;0.0;0.0;0.0;0.0;0.0;0.0;0.0;0.328042328042328;0.0;0.0;0.0;0.0;0.0;0.014109347442680775;0.0;0.0;0.0;0.0;0.041740152851263965;0.0;0.0;0.0;0.0;0.0;0.0;0.0;0.0;0.0
HSM5MD4C;0.4712491738268341;0.0;0.0;0.0;0.0;0.16391275611368142;0.0;0.03965631196298744;0.0;0.0;0.0667547918043622;0.02775941837409121;0.0;0.0;0.0;0.0;0.0;0.0;0.0;0.006609385327164574;0.005948446794448116;0.0;0.0;0.0;0.0;0.0;0.0;0.0;0.0;0.0;0.0;0.0;0.0;0.0;0.0;0.0;0.0;0.0;0.0;0.0;0.0;0.0;0.01255783212161269;0.0;0.0;0.0;0.0;0.00991407799074686;0.0;0.0;0.0;0.02775941837409121;0.0;0.0;0.0;0.0;0.0;0.0;0.004626569729015202;0.0;0.0;0.0;0.0403172504957039;0.0;0.0;0.0;0.0;0.0;0.0;0.0;0.0;0.0;0.019167217448777262;0.0;0.007931262392597489;0.040978189028420355;0.0;0.0;0.0;0.0;0.0;0.0;0.0;0.0;0.0;0.0;0.027098479841374753;0.0;0.0;0.0;0.0;0.0;0.025776602775941838;0.0;0.0;0.0019828155981493722;0.0;0.0;0.0;0.0;0.0;0.0;0.0;0.0;0.0;0.0;0.0
MSM5LLFK;0.5725725725725725;0.0;0.0;0.0;0.0;0.0;0.0;0.0;0.0;0.0;0.0;0.0;0.0;0.0;0.0;0.0;0.0;0.0;0.030113446780113448;0.0;0.0;0.005338672005338672;0.0;0.0;0.0;0.0;0.0;0.0;0.0;0.0;0.0;0.027861194527861195;0.0;0.0;0.0;0.0;0.0;0.0;0.0;0.0;0.0;0.0;0.0;0.0;0.0;0.0;0.0;0.0;0.0;0.0;0.0001668335001668335;0.2721054387721054;0.0;0.0;0.0;0.0;0.0;0.0;0.0;0.0;0.0;0.016766766766766767;0.0;0.0;0.0;0.0;0.0;0.0;0.0;0.0;0.0;0.0;0.0;0.0;0.0;0.0;0.0;0.0;0.0;0.0;0.0;0.0;0.0;0.0;0.0;0.0;0.0;0.0;0.0;0.0;0.035785785785785784;0.0;0.03570236903570237;0.0;0.0;0.0;0.0;0.0017517517517517517;0.0;0.0018351685018351686;0.0;0.0;0.0;0.0;0.0;0.0;0.0
MSM5LLIC;0.6323723384209534;0.0;0.0;0.0;0.0;0.0;0.0;0.0;0.0;0.0;0.006783493499152063;0.0;0.0;0.0;0.0;0.0;0.0;0.0;0.00942151874882231;0.011494252873563218;0.000942151874882231;0.0003768607499528924;0.0;0.0;0.0;0.002920670812134916;0.0;0.0;0.0;0.0;0.0;0.0;0.0016016581872997928;0.0;0.0;0.0;0.0006595063124175617;0.0;0.0;0.0;0.0;0.0;0.001790088562276239;0.0;0.0;0.0;0.0;0.0;0.0;0.0;0.0;0.008102506123987187;0.0;0.0;0.0;0.04597701149425287;0.0;0.0;0.0;0.0;0.0;0.006877708686640286;0.0;0.0;0.0;0.0;0.0;0.0;0.0;0.0;0.0;0.0;0.0;0.0;0.0;0.0020727341247409083;0.0;0.0;0.0001884303749764462;0.0;0.0;0.0;0.0;0.0;0.0;0.0;0.0;0.0;0.0;0.0;0.0006595063124175617;0.0;0.01921989824759751;0.0;0.0;0.0;0.0;0.24853966459393254;0.0;0.0;0.0;0.0;0.0;0.0;0.0;0.0;0.0
MSM5LLGJ;0.16981132075471697;0.0;0.0;0.0;0.0;0.0;0.0;0.0;0.0;0.0;0.0;0.0;0.0;0.0;0.0;0.0;0.0;0.0;0.39622641509433965;0.018867924528301886;0.0;0.0;0.0;0.0;0.0;0.0;0.0;0.0;0.0;0.0;0.0;0.0;0.0;0.0;0.0;0.0;0.0;0.0;0.0;0.0;0.0;0.0;0.0;0.0;0.0;0.0;0.0;0.0;0.0;0.0;0.0;0.24528301886792453;0.0;0.0;0.0;0.018867924528301886;0.0;0.0;0.0;0.0;0.0;0.018867924528301886;0.0;0.0;0.0;0.0;0.0;0.0;0.0;0.0;0.0;0.0;0.0;0.0;0.0;0.018867924528301886;0.0;0.0;0.0;0.0;0.0;0.0;0.0;0.0;0.0;0.0;0.0;0.0;0.0;0.0;0.11320754716981132;0.0;0.0;0.0;0.0;0.0;0.0;0.0;0.0;0.0;0.0;0.0;0.0;0.0;0.0;0.0;0.0
MSM5LLIK;0.38202247191011235;0.0;0.0;0.0;0.0;0.0;0.0;0.0;0.0;0.0;0.0;0.0;0.0;0.0;0.0;0.0;0.0;0.0;0.02943820224719101;0.0008988764044943821;0.0;0.0;0.0;0.0;0.0;0.006292134831460674;0.0;0.0;0.0;0.0;0.0;0.0;0.0;0.0;0.0;0.0;0.0;0.0;0.0;0.0;0.0;0.0;0.0;0.0;0.0;0.0;0.0;0.0;0.0;0.0;0.0;0.5559550561797753;0.0;0.0;0.0;0.0;0.0;0.0;0.0;0.0;0.0;0.0;0.0;0.0;0.0;0.0;0.0;0.0;0.0;0.0;0.0;0.0;0.0;0.0;0.0;0.009213483146067417;0.0;0.0;0.0020224719101123597;0.0;0.0;0.0;0.0;0.0;0.0;0.0;0.0;0.0;0.0;0.0;0.0;0.0;0.014157303370786517;0.0;0.0;0.0;0.0;0.0;0.0;0.0;0.0;0.0;0.0;0.0;0.0;0.0;0.0
HSM5MD3W;0.3780160857908847;0.0;0.0;0.0;0.0;0.0;0.0;0.0;0.0;0.0;0.45576407506702415;0.0;0.0;0.0;0.0;0.0;0.0;0.0;0.01876675603217158;0.0;0.005361930294906166;0.0;0.0;0.0;0.0;0.0;0.0;0.0;0.0;0.0;0.0;0.0;0.0;0.0;0.0;0.0;0.002680965147453083;0.0;0.0;0.045576407506702415;0.02680965147453083;0.0;0.0;0.0;0.0;0.0;0.0;0.0;0.0;0.0;0.0;0.0160857908847185;0.0;0.0;0.0;0.0;0.0;0.002680965147453083;0.0;0.0;0.0;0.0;0.0;0.0;0.0;0.0;0.0;0.0;0.0;0.0;0.0;0.0;0.0;0.0;0.0;0.005361930294906166;0.0;0.0;0.005361930294906166;0.0;0.0;0.0;0.0;0.0;0.0;0.0;0.024128686327077747;0.0;0.0;0.0;0.0;0.0;0.010723860589812333;0.0;0.0;0.0;0.0;0.002680965147453083;0.0;0.0;0.0;0.0;0.0;0.0;0.0;0.0;0.0
MSM5LLGV;0.1062304583238008;0.0;0.0;0.0;0.0;0.0;0.0;0.0;0.0;0.0;0.0;0.0;0.0;0.0;0.0;0.0;0.0;0.0;0.020285213147258445;0.0;0.0006100815984137879;0.0;0.0;0.0;0.0;0.0;0.0;0.0;0.0;0.0;0.0;0.0;0.0;0.0;0.0;0.0;0.0;0.0;0.0;0.0;0.0;0.0;0.0;0.0;0.0;0.0;0.0;0.0;0.0;0.0;0.0;0.7999694959200793;0.0;0.0;0.0;0.0;0.0;0.0;0.0;0.0;0.0;0.007778540379775795;0.0;0.0;0.0;0.0;0.0;0.0;0.0;0.0;0.0;0.0;0.0;0.0;0.0;0.03690993670403416;0.0;0.0;0.0008388621978189583;0.0;0.0;0.0;0.0;0.0;0.0;0.0;0.0;0.0;0.0;0.0;0.0;0.0;0.004346831388698238;0.0;0.0;0.0;0.0;0.023030580340120493;0.0;0.0;0.0;0.0;0.0;0.0;0.0;0.0;0.0
MSM5LLFU;0.35278969957081546;0.0;0.0;0.0;0.0;0.0;0.0;0.0;0.0;0.0;0.0;0.0;0.0;0.0;0.0;0.0;0.0;0.0;0.1167381974248927;0.0;0.0;0.001430615164520744;0.0;0.0;0.0;0.0;0.0;0.0;0.0;0.0;0.0;0.0;0.0;0.0;0.0;0.0;0.0;0.0;0.0;0.0;0.0;0.0;0.0;0.0;0.0;0.0;0.0;0.0;0.0;0.0;0.0;0.23919885550786837;0.0;0.0;0.0;0.060085836909871244;0.0;0.0;0.0;0.0;0.01888412017167382;0.014592274678111588;0.0;0.0;0.0;0.0;0.0;0.0;0.0;0.0;0.0;0.0;0.0;0.0;0.0;0.0;0.0;0.0;0.0;0.0;0.0;0.0;0.0;0.0;0.0;0.0;0.0;0.0;0.0;0.0;0.18512160228898425;0.0;0.011158798283261802;0.0;0.0;0.0;0.0;0.0;0.0;0.0;0.0;0.0;0.0;0.0;0.0;0.0;0.0
MSM5LLEN;0.17938008353484283;0.0;0.0;0.0;0.0;0.0;0.0;0.0;0.0;0.0;0.0;0.0;0.0;0.0;0.0;0.0;0.0;0.0;0.0034073422730270387;0.0005495713343591998;0.0;0.0;0.0;0.0;0.0;0.0;0.0;0.0;0.0;0.0;0.0;0.0;0.0;0.0;0.0;0.0;0.0;0.0;0.0;0.0;0.0;0.0;0.0;0.0;0.0;0.0;0.0;0.0;0.0;0.0;0.0;0.8003407342273027;0.0009892284018465597;0.0;0.0;0.010386898219388877;0.0;0.0;0.0;0.0;0.0;0.0017586282699494395;0.0;0.0;0.0;0.0;0.0;0.0;0.0;0.0;0.0;0.0;0.0;0.0;0.0;0.0008793141349747197;0.0;0.0;0.0003297428006155199;0.0;0.0;0.0;0.0;0.0;0.0;0.0;0.0;0.0;0.0;0.0;0.0;0.0;0.0;0.0;0.0;0.0;0.0;0.0019784568036931194;0.0;0.0;0.0;0.0;0.0;0.0;0.0;0.0;0.0
HSM5FZBP;0.41076487252124644;0.0;0.0;0.0;0.0;0.0;0.0;0.0;0.0;0.0;0.0;0.0;0.0;0.0;0.0;0.0;0.0;0.0;0.036827195467422094;0.0;0.0;0.0;0.0;0.0;0.0;0.0;0.0;0.0;0.0;0.0;0.0;0.0;0.0;0.0;0.0;0.0;0.0;0.0;0.0;0.0;0.0;0.0;0.0;0.0;0.0;0.0;0.0;0.0;0.0;0.0;0.0;0.11331444759206799;0.0;0.0;0.0;0.0;0.0;0.0;0.0;0.0;0.0;0.0;0.0;0.0;0.0;0.0;0.0;0.0;0.0;0.0;0.0;0.0;0.0;0.0;0.0;0.0;0.0;0.0;0.025495750708215296;0.0;0.0;0.0;0.0;0.0;0.0;0.0;0.37960339943342775;0.0;0.0;0.0;0.0;0.0;0.0;0.0;0.0;0.0;0.0;0.0339943342776204;0.0;0.0;0.0;0.0;0.0;0.0;0.0;0.0;0.0
MSM5LLD8;0.09848484848484848;0.0;0.0;0.0;0.0;0.0;0.0;0.0;0.0;0.0;0.010521885521885523;0.0;0.0;0.0;0.0;0.0;0.0;0.0;0.08838383838383838;0.004629629629629629;0.0;0.008417508417508417;0.0;0.0;0.0;0.0;0.0;0.0;0.0;0.0;0.0;0.0;0.0;0.0016835016835016834;0.0;0.0;0.0;0.0;0.0;0.0;0.0;0.0;0.0;0.0;0.0;0.0;0.0;0.0;0.0;0.0021043771043771043;0.0;0.7192760942760943;0.0;0.0;0.0;0.0;0.0;0.0;0.0;0.0;0.0;0.00968013468013468;0.0;0.0;0.0;0.0;0.0;0.0;0.0;0.0;0.0;0.0;0.0;0.0;0.0;0.0008417508417508417;0.0;0.0;0.01936026936026936;0.0;0.0;0.0;0.0;0.0;0.0;0.0;0.0;0.0;0.0;0.0;0.0;0.0;0.0;0.0;0.0;0.0;0.0;0.036616161616161616;0.0;0.0;0.0;0.0;0.0;0.0;0.0;0.0;0.0
MSM5LLIM;0.07692307692307693;0.0;0.0;0.0;0.0;0.0;0.0;0.0;0.0;0.0;0.0;0.0;0.0;0.0;0.0;0.0;0.0;0.0;0.6153846153846154;0.0;0.0;0.0;0.0;0.0;0.0;0.0;0.0;0.0;0.0;0.0;0.0;0.0;0.0;0.0;0.0;0.0;0.0;0.0;0.0;0.0;0.0;0.0;0.0;0.0;0.0;0.0;0.0;0.0;0.0;0.0;0.0;0.23076923076923078;0.0;0.0;0.0;0.0;0.0;0.0;0.0;0.0;0.0;0.0;0.0;0.0;0.0;0.0;0.0;0.0;0.0;0.0;0.0;0.0;0.0;0.0;0.0;0.07692307692307693;0.0;0.0;0.0;0.0;0.0;0.0;0.0;0.0;0.0;0.0;0.0;0.0;0.0;0.0;0.0;0.0;0.0;0.0;0.0;0.0;0.0;0.0;0.0;0.0;0.0;0.0;0.0;0.0;0.0;0.0;0.0
MSM633FF;0.15370301451432825;0.0;0.0;0.0;0.0;0.0;0.0;0.0011164867882396724;0.0;0.00148864905098623;0.02084108671380722;0.021027167845180498;0.0;0.00018608113137327876;0.00018608113137327876;0.0;0.0;0.0;0.49553405284704133;0.00148864905098623;0.0;0.010606624488276888;0.00018608113137327876;0.0;0.0;0.0;0.0;0.0;0.0;0.0;0.0;0.0;0.00297729810197246;0.0016747301823595087;0.0;0.0;0.010978786751023446;0.0003721622627465575;0.00018608113137327876;0.0020468924451060664;0.007815407517677708;0.0003721622627465575;0.00595459620394492;0.0011164867882396724;0.0003721622627465575;0.0;0.0;0.0;0.0;0.0;0.00018608113137327876;0.03609973948641608;0.0;0.0;0.0005582433941198362;0.0;0.0003721622627465575;0.00018608113137327876;0.0;0.0;0.0;0.0020468924451060664;0.007815407517677708;0.0;0.0;0.0;0.0;0.0;0.0;0.0;0.0;0.0003721622627465575;0.0003721622627465575;0.0;0.0003721622627465575;0.010792705619650168;0.00018608113137327876;0.0;0.0;0.0;0.0;0.0;0.0;0.0;0.0005582433941198362;0.00018608113137327876;0.00148864905098623;0.0016747301823595087;0.0;0.1356531447711202;0.028098250837365092;0.0;0.009304056568663937;0.0;0.0;0.0;0.000744324525493115;0.020655005582433942;0.0;0.0005582433941198362;0.0;0.0;0.00148864905098623;0.0;0.0;0.0;0.0
CSM5FZ4O;0.29086057371581053;0.0;0.0;0.0;0.0;0.0;0.0;0.0;0.0;0.0;0.0;0.0;0.0;0.0;0.0;0.0;0.0;0.0;0.40226817878585724;0.0;0.0;0.0;0.0;0.0;0.0;0.0;0.0;0.0;0.0;0.0;0.0;0.0;0.0;0.0;0.0;0.0;0.0;0.0;0.0;0.0;0.0;0.0;0.0;0.0;0.0;0.0;0.0;0.0;0.0;0.0;0.0;0.21547698465643764;0.0;0.0;0.0;0.0;0.0;0.0;0.0;0.0;0.0;0.0;0.0;0.0;0.0;0.0;0.0;0.0;0.0;0.0;0.0;0.0;0.0;0.0;0.0;0.012675116744496331;0.0;0.0;0.02268178785857238;0.0;0.0;0.0;0.0;0.0;0.0;0.0;0.0;0.0;0.0;0.0;0.0;0.0;0.012675116744496331;0.0;0.0;0.0;0.0;0.04336224149432955;0.0;0.0;0.0;0.0;0.0;0.0;0.0;0.0;0.0
HSM5MD7Z;0.08968609865470852;0.0;0.0;0.0;0.0;0.0;0.0;0.0;0.0;0.0;0.0;0.0;0.0;0.0;0.0;0.0;0.0;0.0;0.6860986547085202;0.013452914798206279;0.0;0.004484304932735426;0.0;0.0;0.0;0.0;0.0;0.0;0.0;0.0;0.0;0.0;0.0;0.0;0.0;0.0;0.0;0.0;0.0;0.0;0.004484304932735426;0.0;0.0;0.0;0.0;0.0;0.0;0.0;0.0;0.0;0.0;0.13901345291479822;0.0;0.0;0.0;0.008968609865470852;0.0;0.0;0.0;0.0;0.0;0.0;0.0;0.0;0.0;0.0;0.0;0.0;0.0;0.0;0.0;0.0;0.0;0.0;0.0;0.017937219730941704;0.0;0.0;0.008968609865470852;0.0;0.0;0.0;0.0;0.0;0.0;0.0;0.0;0.0;0.0;0.0;0.013452914798206279;0.0;0.004484304932735426;0.0;0.0;0.0;0.0;0.008968609865470852;0.0;0.0;0.0;0.0;0.0;0.0;0.0;0.0;0.0
CSM5MCVB;0.8588832487309644;0.0;0.0;0.0;0.0;0.0;0.0;0.0;0.0;0.0;0.0;0.0;0.0;0.0;0.0;0.0;0.0;0.0;0.0394585448392555;0.00027072758037225043;0.0;0.0;0.0;0.0;0.0;0.0;0.0;0.0;0.0;0.0;0.0;0.0;0.0;0.0;0.0;0.0;0.0;0.0;0.0;0.0;0.0;0.0;0.0;0.0;0.0;0.0;0.0;0.0;0.0;0.0;0.0;0.014077834179357021;0.0;0.0;0.0;0.0;0.0;0.0;0.0;0.0;0.0;0.00033840947546531303;0.0;0.0;0.0;0.0;0.0;0.0;0.0;0.0;0.0;0.0;0.0;0.0;0.0;0.0;0.0;0.0;0.00033840947546531303;0.0;0.0;0.0;0.0;0.0;0.0;0.0;0.0;0.0;0.0;0.0;0.0;0.0;0.0006091370558375635;0.0;0.0;0.0;0.0;0.08602368866328257;0.0;0.0;0.0;0.0;0.0;0.0;0.0;0.0;0.0
CSM5FZ46;0.17615005763386776;0.0;0.0;0.0;0.0;0.0;0.0;0.0;0.0;0.0;0.0;0.0;0.0;0.0;0.0;0.0;0.0;0.0;0.055118935345279264;0.0;0.0;0.0;0.0;0.0;0.0;0.0;0.0;0.0;0.0;0.0;0.0;0.0;0.0;0.0;0.0;0.0;0.0;0.0;0.0;0.0;0.0;0.0;0.0;0.0;0.0;0.0;0.0;0.0;0.0;0.0;0.0;0.0;0.0;0.0;0.0;0.0;0.0;0.0;0.0;0.0;0.0;0.0;0.0;0.0;0.0;0.0;0.0;0.0;0.0;0.0;0.0;0.0;0.0;0.0;0.0;0.0;0.0;0.0;0.0;0.0;0.0;0.0;0.0;0.0;0.0;0.0;0.0;0.0;0.0;0.0;0.0028292989625903803;0.0;0.0;0.0;0.0;0.0;0.0;0.7659017080582626;0.0;0.0;0.0;0.0;0.0;0.0;0.0;0.0;0.0
MSM5LLIQ;0.40333828741282723;0.0;0.0;0.0;0.0;0.0;0.0;0.0;0.0;0.0;0.0;0.0;0.0;0.0;0.0;0.0;0.0;0.0;0.018577798102206472;0.00028581227849548414;0.0;0.00468732136732594;0.0;0.0;0.0;0.0;0.0;0.0;0.0;0.0;0.0;0.07465416714302046;0.00028581227849548414;0.0;0.0;0.0;0.0;0.0;0.0;0.000342974734194581;0.0;0.0;0.0;0.0;0.0;0.0;0.0;0.0;0.0;0.0;0.0;0.07831256430776266;0.0;0.0;0.0;0.0;0.0;0.0;0.0;0.0;0.0;0.05384703326854922;0.0;0.0;0.0;0.0001714873670972905;0.0;0.0;0.0;0.0;0.0;0.0;0.0;0.0;0.0;0.0;0.0;0.0;0.0;0.0;0.0;0.0;0.0;0.0;0.0;0.0;0.0;0.0;0.0;0.0;0.0;0.0;0.23642391677146452;0.0;0.0;0.0;0.0;0.07711215273808163;0.0;0.051960672230479024;0.0;0.0;0.0;0.0;0.0;0.0;0.0
MSM5FZ8Y;0.5219668542839274;0.0;0.0;0.0;0.0;0.0;0.0;0.0;0.0;0.0;0.15505784865540964;0.0;0.0;0.0;0.0;0.0;0.0;0.0;0.00011726078799249531;0.0;0.0;0.00031269543464665416;0.0;0.0;0.0;0.0;0.0;0.0011726078799249532;0.0;0.0;0.0;0.01172607879924953;0.013133208255159476;0.0;0.0;0.0;0.0010553470919324578;0.0;0.0;0.0;0.0;0.0;0.052611006879299566;0.0;0.0;0.0;0.0;0.0;0.0;0.0;0.0;0.006762038774233896;0.0;0.0;0.0;0.0;0.0;0.0;0.0;0.0;0.0;0.02407754846779237;0.0;0.0;0.0;0.0;0.0;0.0;0.0;0.0;0.0;0.0;0.0;0.0;0.0;0.008872732958098812;0.0;0.0;0.0;0.0;0.0;0.0;0.0;0.0;0.0;0.0;0.010944340212632896;0.0;0.0;0.0;0.0;0.0;0.19160412757973733;0.0;0.0;0.0;0.0;0.0;0.0;0.0005863039399624766;0.0;0.0;0.0;0.0;0.0;0.0;0.0
ESM5MEDZ;0.11721311475409836;0.0;0.0;0.0;0.0;0.0;0.0;0.0;0.0;0.0;0.0;0.0;0.0;0.0;0.0;0.0;0.0;0.0;0.019262295081967213;0.0;0.0;0.0;0.0;0.0;0.0;0.0;0.0;0.0;0.0;0.0;0.0;0.0;0.0;0.0;0.0;0.0;0.0;0.0;0.0;0.0;0.0;0.0;0.007950819672131147;0.0;0.0;0.0;0.0;0.0;0.0;0.0;0.0;0.7860655737704918;0.0;0.0;0.0;0.03360655737704918;0.0;0.0;0.0;0.0;0.0013114754098360656;0.0021311475409836068;0.0;0.0;0.0;0.0;0.0;0.0;0.0;0.0;0.0;0.0;0.0014754098360655738;0.0;0.0;0.0;0.0;0.0;0.001557377049180328;0.0;0.0;0.0;0.0;0.0;0.0;0.0;0.0;0.0;0.0;0.0;0.0;0.0;0.0027049180327868854;0.0;0.0;0.0;0.0;0.026721311475409838;0.0;0.0;0.0;0.0;0.0;0.0;0.0;0.0;0.0
MSM5LLIE;0.14672036823935558;0.0;0.0;0.0;0.0;0.0;0.0;0.0;0.0;0.0;0.0;0.0;0.0;0.0;0.0;0.0;0.0;0.0;0.055466052934407366;0.0;0.0;0.011852704257767549;0.0;0.0;0.0;0.002991944764096663;0.0;0.0;0.0;0.0;0.0;0.0;0.0;0.0;0.0;0.0;0.0;0.0;0.0;0.0018411967779056386;0.0;0.0;0.0;0.0;0.0;0.0;0.0;0.0;0.0;0.0;0.0;0.5524741081703107;0.0;0.0;0.0;0.0;0.0;0.0;0.0;0.0;0.0;0.010701956271576525;0.0;0.0;0.0;0.0;0.0;0.0;0.0;0.0;0.0;0.0;0.0;0.0;0.0;0.003912543153049482;0.0;0.0;0.004487917146144995;0.0;0.0;0.0;0.0;0.0;0.0;0.0;0.0;0.0;0.0;0.0;0.0;0.0;0.001956271576524741;0.0;0.0;0.0;0.0;0.20759493670886076;0.0;0.0;0.0;0.0;0.0;0.0;0.0;0.0;0.0
CSM5MCVD;0.09523809523809523;0.0;0.0;0.0;0.0;0.0;0.0;0.0;0.0;0.0;0.0;0.0;0.0;0.0;0.0;0.0;0.0;0.0;0.8571428571428571;0.0;0.0;0.0;0.0;0.0;0.0;0.0;0.0;0.0;0.0;0.0;0.0;0.0;0.0;0.0;0.0;0.0;0.0;0.0;0.0;0.0;0.0;0.0;0.0;0.0;0.0;0.0;0.0;0.0;0.0;0.0;0.0;0.0;0.0;0.0;0.0;0.0;0.0;0.0;0.0;0.0;0.0;0.0;0.0;0.0;0.0;0.0;0.0;0.0;0.0;0.0;0.0;0.0;0.0;0.0;0.0;0.0;0.0;0.0;0.0;0.0;0.0;0.0;0.0;0.0;0.0;0.0;0.047619047619047616;0.0;0.0;0.0;0.0;0.0;0.0;0.0;0.0;0.0;0.0;0.0;0.0;0.0;0.0;0.0;0.0;0.0;0.0;0.0;0.0
CSM5FZ4G;0.22735283750440607;0.0;0.0;0.0;0.0;0.0;0.0;0.0;0.0;0.0;0.0;0.0;0.0;0.0;0.0;0.0;0.0;0.0;0.011514510633298084;0.0;0.0;0.0;0.0;0.0;0.0;0.0;0.0;0.0;0.0;0.0;0.0;0.0;0.0;0.0;0.0;0.0;0.0;0.0;0.0;0.0;0.0;0.0;0.0017624250969333803;0.0;0.0;0.0;0.0;0.0;0.0;0.0;0.0;0.7463282810480555;0.0;0.0;0.0;0.0;0.0;0.0;0.0;0.0;0.0;0.001644930090471155;0.0;0.0;0.0;0.0;0.0;0.0;0.0;0.0;0.0;0.0;0.0;0.0;0.0;0.006814710374809071;0.0;0.0;0.0;0.0;0.0;0.0;0.0;0.0;0.0;0.0;0.0;0.0;0.0;0.0;0.0;0.0;0.004582305252026789;0.0;0.0;0.0;0.0;0.0;0.0;0.0;0.0;0.0;0.0;0.0;0.0;0.0;0.0
MSM5LLHZ;0.08079178885630499;0.0;0.0001466275659824047;0.0;0.0;0.0;0.0;0.0;0.0;0.0;0.0002932551319648094;0.0;0.0;0.0;0.0;0.0;0.0;0.0;0.5266862170087977;0.00249266862170088;0.0004398826979472141;0.001906158357771261;0.0;0.0;0.0;0.0001466275659824047;0.001466275659824047;0.0;0.0;0.0;0.0;0.0;0.0001466275659824047;0.0004398826979472141;0.0;0.0;0.005425219941348974;0.0;0.0;0.0001466275659824047;0.001906158357771261;0.0;0.0004398826979472141;0.0;0.0;0.0;0.0;0.0;0.0;0.0;0.0005865102639296188;0.19780058651026394;0.0;0.0;0.0;0.0;0.0;0.0;0.0;0.0;0.0001466275659824047;0.0017595307917888563;0.0;0.0001466275659824047;0.0;0.0;0.0;0.0;0.0;0.0;0.0;0.0;0.0001466275659824047;0.0001466275659824047;0.0;0.05249266862170088;0.0;0.0;0.038856304985337244;0.0;0.0;0.0;0.0;0.0;0.0001466275659824047;0.0;0.03563049853372434;0.0;0.0;0.0;0.0005865102639296188;0.0;0.00249266862170088;0.0;0.0;0.0;0.0;0.046041055718475075;0.0;0.0;0.0;0.0;0.0;0.0;0.0;0.0001466275659824047;0.0
HSM5MD47;0.0;0.0;0.0;0.0;0.0;0.0;0.0;0.0;0.0;0.0;0.0;0.0;0.0;0.0;0.0;0.0;0.0;0.0;0.0;0.0;0.0;0.0;0.0;0.0;0.0;0.0;0.0;0.0;0.0;0.0;0.0;0.0;0.0;0.0;0.0;0.0;0.0;0.0;0.0;0.0;0.0;0.0;0.0;0.0;0.0;0.0;0.0;0.0;0.0;0.0;0.0;1.0;0.0;0.0;0.0;0.0;0.0;0.0;0.0;0.0;0.0;0.0;0.0;0.0;0.0;0.0;0.0;0.0;0.0;0.0;0.0;0.0;0.0;0.0;0.0;0.0;0.0;0.0;0.0;0.0;0.0;0.0;0.0;0.0;0.0;0.0;0.0;0.0;0.0;0.0;0.0;0.0;0.0;0.0;0.0;0.0;0.0;0.0;0.0;0.0;0.0;0.0;0.0;0.0;0.0;0.0;0.0
CSM5MCUI;0.7555750369842749;0.0;0.0;0.0;0.0;0.003013533505013424;0.0;0.0;0.0;0.0;0.0;0.0;0.0;0.0;0.0;0.0;0.0;0.0;0.009478932661224043;0.0009862473289134841;0.0;0.0;0.0;0.0;0.0;0.0;0.0;0.0;0.0;0.0;0.0;0.0;0.0;0.0;0.0;0.0;0.0;0.0;0.0;0.0;0.0;0.0;0.0004931236644567421;0.0;0.0;0.0;0.0;0.0;0.0;0.0;0.0;0.03408032436578817;0.0;0.0;0.0;0.0;0.0;0.0;0.0;0.0;0.0;0.051997150841049805;0.0005479151827297135;0.0;0.0;0.0;0.0;0.0;0.0;0.0;0.0;0.0;0.0;0.0;0.0;0.010465179990137527;0.0;0.0;0.0006574982192756561;0.0;0.0;0.0;0.0;0.0;0.0;0.0;0.011287052764232097;0.0;0.0;0.0;0.0;0.0;0.00284915895019451;0.0;0.0;0.0;0.0;0.031011999342501782;0.0;0.0009862473289134841;0.0;0.0;0.0;0.0;0.08657059887129473;0.0;0.0
CSM5FZ44;0.05042016806722689;0.0;0.0;0.0;0.0;0.0;0.0;0.0;0.0;0.0;0.0;0.0;0.0;0.0;0.0;0.0;0.0;0.0;0.8151260504201681;0.0;0.0;0.0;0.0;0.0;0.0;0.0;0.0;0.0;0.0;0.0;0.0;0.0;0.0;0.0;0.0;0.0;0.0;0.0;0.0;0.0;0.008403361344537815;0.0;0.0;0.0;0.0;0.0;0.0;0.0;0.0;0.0;0.0;0.025210084033613446;0.0;0.0;0.0;0.0;0.0;0.0;0.0;0.0;0.0;0.0;0.0;0.0;0.0;0.0;0.0;0.0;0.0;0.0;0.0;0.0;0.0;0.0;0.0;0.0;0.0;0.0;0.0;0.0;0.0;0.0;0.0;0.0;0.0;0.0;0.0;0.0;0.0;0.0;0.0;0.0;0.0;0.0;0.0;0.0;0.0;0.10084033613445378;0.0;0.0;0.0;0.0;0.0;0.0;0.0;0.0;0.0
MSM5LLIO;0.18763961280714817;0.0;0.0;0.0;0.0;0.0;0.0;0.0;0.0;0.0;0.0;0.0;0.0;0.0;0.0;0.0;0.0;0.0;0.005026061057334326;0.0011789525936957061;0.0;0.0006205013651030033;0.0;0.0;0.0;0.0027922561429635146;0.0;0.0;0.0;0.0;0.0;0.0;0.0;0.0;0.0;0.0;0.0;0.0;0.0;0.0;0.0;0.0;0.0;0.0;0.0;0.0;0.0;0.0;0.0;0.0;0.0;0.7930627947381484;0.0;0.0;0.0;0.0002482005460412013;0.0;0.0;0.0;0.0002482005460412013;0.002668155869942914;0.0;0.0;0.0;0.0;0.0;0.0;0.0;0.0;0.0;0.0;0.0;0.0;0.0;0.0;0.004281459419210722;0.0;0.0;0.0008687019111442045;0.0;0.0;0.0;0.0;0.0;0.0;0.0;0.0;0.0;0.0;0.0;0.0;0.0;0.001365103003226607;0.0;0.0;0.0;0.0;0.0;0.0;0.0;0.0;0.0;0.0;0.0;0.0;0.0;0.0
ESM5MEBL;0.44291242029538397;0.0;0.0;0.0;0.0;0.0;0.0;0.0;0.0;0.0;0.0;0.0;0.0;0.0;0.0;0.0;0.0;0.0;0.015968172652460623;0.0;0.0;0.0;0.0;0.0;0.0;0.0;0.0;0.0;0.0;0.0;0.0;0.0;0.0;0.0;0.0;0.0;0.0;0.0;0.0;0.0;0.0;0.0;0.0007084854760477411;0.0;0.0;0.00027249441386451576;0.0;0.0;0.0;0.002724944138645158;0.0;0.5108725271131942;0.0;0.0;0.0;0.0;0.0;0.0;0.0;0.0;0.0;0.0;0.0;0.0;0.0;0.0;0.0;0.0;0.0;0.0;0.0;0.0;0.0;0.0;0.0;0.0;0.0;0.0;0.005231892746198703;0.0;0.0;0.0;0.0;0.0;0.0;0.0;0.0;0.0;0.0;0.0;0.0008719821243664505;0.0;0.018093629080603846;0.0;0.0;0.0;0.0;0.0016349664831870946;0.0;0.0007084854760477411;0.0;0.0;0.0;0.0;0.0;0.0;0.0
MSM5LLHK;0.3195440941330819;0.0;0.0;0.0;0.0;0.0;0.0;0.0;0.0;0.0;0.04030175064572998;0.0;0.0;0.0;0.0;0.0;0.0;0.0;0.004878848755688574;8.199745807879956e-05;0.005903816981673568;0.0;0.0;0.0;0.0;0.0;0.0;0.0;0.0;0.00045098601943339755;0.0;0.0;0.0012299618711819934;0.000368988561354598;0.0;0.0;0.0;0.0;0.0;0.0187774179000451;0.0;0.0;0.0;0.0;0.0;0.0;0.0;0.0;0.0;0.0;0.0;0.43725144520519865;0.0;0.0;0.0;0.0;0.0;0.0;0.0;0.0;0.0;0.000368988561354598;0.0;0.0;0.0;0.0;0.0;0.0;0.0;0.0;0.0;0.0;0.0;0.0;0.0;0.008896724201549753;0.0;0.0;0.00028699110327579845;0.0;0.0;0.0;0.0;0.0;0.0;0.0;0.0;0.0;0.0;0.0;0.0;0.0;0.01102865811159854;0.0;0.0;0.0;0.0;0.15062933049075478;0.0;0.0;0.0;0.0;0.0;0.0;0.0;0.0;0.0
CSM5MCU4;0.5053763440860215;0.0;0.0;0.0;0.0;0.0;0.0;0.0;0.0;0.0;0.0;0.0;0.0;0.0;0.0;0.0;0.0;0.0;0.08026113671274962;0.0;0.0;0.0;0.0;0.0;0.0;0.0;0.0;0.0;0.0;0.0;0.0;0.0;0.006528417818740399;0.0;0.0;0.0;0.0;0.0;0.0;0.0;0.0;0.0;0.0;0.0;0.0;0.0;0.0;0.0;0.0;0.0;0.0;0.0;0.0;0.0;0.0;0.0;0.0;0.0;0.0;0.0;0.0;0.013056835637480798;0.0;0.0;0.0;0.0;0.0;0.0;0.0;0.0;0.0;0.0;0.0;0.0;0.0;0.01881720430107527;0.0;0.0;0.0;0.0;0.0;0.0;0.0;0.0;0.0;0.0;0.0;0.0;0.0;0.0;0.03533026113671275;0.0;0.05069124423963134;0.0;0.0;0.0;0.0;0.28993855606758834;0.0;0.0;0.0;0.0;0.0;0.0;0.0;0.0;0.0
CSM5MCVV;0.8133343504462583;0.0;0.0;0.0;0.0;0.0;0.0;0.0;0.0;0.0;0.02196963917918987;0.0;0.0;0.0;0.0;0.0;0.0;0.0;0.05088107407124876;0.0;0.0;0.025173544892821725;0.0;0.0;0.0;0.0;0.0;0.0;0.0;0.0;0.0;0.0;0.0;0.0;0.0;0.0;0.0;0.0;0.0;0.0;0.0;0.0;0.0;0.0;0.0;0.0;0.0;0.0;0.0;0.0;0.0;0.010755969181478373;0.0;0.0;0.0;0.0;0.0;0.0;0.0;0.0;0.0;0.001449385918071554;0.0;0.0;0.0;0.0;0.0;0.0;0.0;0.0;0.0;0.0;0.0;0.0;0.0;0.04432069570524067;0.0;0.0;0.0;0.0;0.0;0.0;0.0;0.0;0.0;0.0;0.0;0.0;0.0;0.0;0.0;0.0;0.021664505301701123;0.0;0.0;0.0;0.0;0.009154016324662445;0.0;0.0012968189793271798;0.0;0.0;0.0;0.0;0.0;0.0;0.0
MSM5LLH6;0.0;0.0;0.0;0.0;0.0;0.0;0.0;0.0;0.0;0.0;0.0;0.0;0.0;0.0;0.0;0.0;0.0;0.0;0.0;0.0;0.0;0.0;0.0;0.0;0.0;0.0;0.0;0.0;0.0;0.0;0.0;0.0;0.0;0.0;0.0;0.0;0.0;0.0;0.0;0.0;0.0;0.0;0.0;0.0;0.0;0.0;0.0;0.0;0.0;0.0;0.0;0.0;0.0;0.0;0.0;0.0;0.0;0.0;0.0;0.0;0.0;0.0;0.0;0.0;0.0;0.0;0.0;0.0;0.0;0.0;0.0;0.0;0.0;0.0;0.0;0.0;0.0;0.0;0.0;0.0;0.0;0.0;0.0;0.0;0.0;0.0;1.0;0.0;0.0;0.0;0.0;0.0;0.0;0.0;0.0;0.0;0.0;0.0;0.0;0.0;0.0;0.0;0.0;0.0;0.0;0.0;0.0
MSM5LLGD;0.0;0.0;0.0;0.0;0.0;0.0;0.0;0.0;0.0;0.0;0.0;0.0;0.0;0.0;0.0;0.0;0.0;0.0;1.0;0.0;0.0;0.0;0.0;0.0;0.0;0.0;0.0;0.0;0.0;0.0;0.0;0.0;0.0;0.0;0.0;0.0;0.0;0.0;0.0;0.0;0.0;0.0;0.0;0.0;0.0;0.0;0.0;0.0;0.0;0.0;0.0;0.0;0.0;0.0;0.0;0.0;0.0;0.0;0.0;0.0;0.0;0.0;0.0;0.0;0.0;0.0;0.0;0.0;0.0;0.0;0.0;0.0;0.0;0.0;0.0;0.0;0.0;0.0;0.0;0.0;0.0;0.0;0.0;0.0;0.0;0.0;0.0;0.0;0.0;0.0;0.0;0.0;0.0;0.0;0.0;0.0;0.0;0.0;0.0;0.0;0.0;0.0;0.0;0.0;0.0;0.0;0.0
MSM5FZA2;0.815761285386381;0.0;0.0;0.0;0.0;0.02127008416220352;0.0;0.0;0.0;0.0;0.011293037490436112;0.0;0.0;0.0;0.0;0.0;0.0;0.0;0.0;0.0;0.0;0.002356541698546289;0.0;0.0;0.0;0.0;0.0;0.0008569242540168324;0.0;0.0;0.0;0.0;0.016281560826319815;0.0;0.0;0.0;0.0005508798775822494;0.0;0.0;0.0;0.0;0.0;0.010680948737566948;0.0;0.0;0.0;0.0;0.0;0.0;0.0;0.0;0.0;0.0;0.0;0.0;0.0;0.0;0.0;0.0;0.0;0.0;0.05166029074215761;0.0;0.0;0.0;0.0;6.120887528691661e-05;0.0;0.0;0.0;0.0;0.0;0.0;0.0;0.0;0.032226472838561594;0.0;0.0;0.0;0.0;0.0;0.0;0.0;0.0;0.0;0.0;0.00973221117061974;0.0010711553175210406;0.0;0.0;0.0;0.0;0.02485080336648814;0.0;0.0;0.0;0.0;0.0;0.0;0.0013465952563121652;0.0;0.0;0.0;0.0;0.0;0.0;0.0
MSM5LLE9;1.0;0.0;0.0;0.0;0.0;0.0;0.0;0.0;0.0;0.0;0.0;0.0;0.0;0.0;0.0;0.0;0.0;0.0;0.0;0.0;0.0;0.0;0.0;0.0;0.0;0.0;0.0;0.0;0.0;0.0;0.0;0.0;0.0;0.0;0.0;0.0;0.0;0.0;0.0;0.0;0.0;0.0;0.0;0.0;0.0;0.0;0.0;0.0;0.0;0.0;0.0;0.0;0.0;0.0;0.0;0.0;0.0;0.0;0.0;0.0;0.0;0.0;0.0;0.0;0.0;0.0;0.0;0.0;0.0;0.0;0.0;0.0;0.0;0.0;0.0;0.0;0.0;0.0;0.0;0.0;0.0;0.0;0.0;0.0;0.0;0.0;0.0;0.0;0.0;0.0;0.0;0.0;0.0;0.0;0.0;0.0;0.0;0.0;0.0;0.0;0.0;0.0;0.0;0.0;0.0;0.0;0.0
ESM5MEEC;0.27793696275071633;0.0;0.0;0.0;0.0;0.0;0.0;0.0;0.0;0.0;0.0;0.0;0.0;0.0;0.0;0.0;0.0;0.0;0.4813753581661891;0.0;0.0;0.008595988538681949;0.0;0.0;0.0;0.0028653295128939827;0.0;0.0;0.0;0.0;0.0;0.0;0.0;0.0;0.0;0.0;0.0057306590257879654;0.0;0.0;0.0;0.0;0.0;0.0;0.0;0.0;0.0;0.0;0.0;0.0;0.0;0.0;0.08595988538681948;0.0;0.0;0.0;0.011461318051575931;0.0;0.0;0.0;0.0;0.0;0.0;0.0;0.0;0.0;0.0;0.0;0.0;0.0;0.0;0.0;0.0;0.0;0.0;0.0;0.0057306590257879654;0.0;0.0;0.008595988538681949;0.0;0.0;0.0;0.0;0.0;0.0057306590257879654;0.0;0.0028653295128939827;0.0;0.0;0.0028653295128939827;0.0;0.0;0.06017191977077364;0.0;0.0;0.0;0.03151862464183381;0.0;0.0;0.0;0.0;0.0;0.008595988538681949;0.0;0.0;0.0;0.0
HSM5MD4B;0.0;0.0;0.0;0.0;0.0;0.0;0.0;0.0;0.0;0.0;0.0;0.0;0.0;0.0;0.0;0.0;0.0;0.0;1.0;0.0;0.0;0.0;0.0;0.0;0.0;0.0;0.0;0.0;0.0;0.0;0.0;0.0;0.0;0.0;0.0;0.0;0.0;0.0;0.0;0.0;0.0;0.0;0.0;0.0;0.0;0.0;0.0;0.0;0.0;0.0;0.0;0.0;0.0;0.0;0.0;0.0;0.0;0.0;0.0;0.0;0.0;0.0;0.0;0.0;0.0;0.0;0.0;0.0;0.0;0.0;0.0;0.0;0.0;0.0;0.0;0.0;0.0;0.0;0.0;0.0;0.0;0.0;0.0;0.0;0.0;0.0;0.0;0.0;0.0;0.0;0.0;0.0;0.0;0.0;0.0;0.0;0.0;0.0;0.0;0.0;0.0;0.0;0.0;0.0;0.0;0.0;0.0
CSM5MCV3;0.5812151270923744;0.0;0.0;0.0;0.0;0.0;0.0;0.0;0.0;0.0;0.0;0.0;0.0;0.0;0.0;0.0;0.0;0.0;0.07191568505889646;0.0;0.00030998140111593303;0.0013949163050216986;0.0;0.0;0.0;0.0;0.0;0.0;0.0;0.0;0.0;0.01518908865468072;0.006819590824550527;0.0;0.0;0.0;0.0;0.0;0.0;0.0;0.0;0.0;0.0;0.0;0.0;0.0;0.0;0.0;0.0;0.0;0.0;0.0;0.0;0.0;0.0;0.0;0.0;0.0;0.0;0.0;0.0;0.0;0.0;0.0;0.0;0.0;0.0;0.0;0.0;0.0;0.0;0.0;0.0;0.0;0.0;0.0009299442033477991;0.0;0.0;0.0;0.0;0.0;0.0;0.0;0.0;0.0;0.0;0.0;0.0;0.0;0.0;0.0;0.0;0.03037817730936144;0.0;0.0;0.0;0.0;0.29184748915065095;0.0;0.0;0.0;0.0;0.0;0.0;0.0;0.0;0.0
ESM5MEA7;0.40997850424565463;0.0;0.0007790995126980576;9.726585676629932e-07;4.863292838314966e-06;6.711344116874653e-05;3.890634270651973e-06;0.0;0.0005252356265380163;0.0;0.0;0.0;0.0;0.0;0.0;2.9179757029889796e-06;5.835951405977959e-06;9.726585676629932e-07;0.28307963155693455;0.00032486796159943973;0.00019842234780325063;0.0005320442365116573;9.726585676629932e-07;1.9453171353259864e-06;9.726585676629932e-07;0.0002023129820739026;0.0;0.000579704506327144;2.9179757029889796e-06;0.0;9.726585676629932e-07;7.781268541303946e-06;0.001008646934666524;0.00014103549231113402;2.5289122759237825e-05;1.1671902811955918e-05;0.025447666105766893;7.781268541303946e-06;0.0;0.0;3.4043049868204766e-05;0.0;0.002597971034227855;0.0;2.042582992092286e-05;0.0002655357889719972;9.726585676629932e-07;0.0;0.00039587203703883827;2.9179757029889796e-06;0.0001138010524165702;0.0190028304364319;0.0;0.1251266887784381;2.042582992092286e-05;0.03784030891636109;0.0;2.042582992092286e-05;0.0;0.0;0.0;9.337522249564735e-05;0.0007324119014502339;0.00013325422376983008;0.0;9.726585676629932e-07;0.0008530215638404451;8.267597825135442e-05;0.0;0.00022371147056248844;4.863292838314966e-06;0.0;4.668761124782367e-05;2.7234439894563813e-05;1.9453171353259864e-05;0.0007810448298333836;0.0;0.0;0.000143953468014123;0.0;9.726585676629932e-07;0.0;9.726585676629932e-07;6.808609973640953e-06;0.00032778593730242874;1.4589878514944899e-05;9.532053963097334e-05;0.0;0.0;2.3343805623911837e-05;9.726585676629932e-07;5.4468879789127626e-05;0.015772631333223097;6.808609973640953e-06;0.0;1.9453171353259864e-05;0.0019326725739463675;0.0;0.0;0.002049391602065927;0.0;9.726585676629932e-07;0.06814251393333398;2.9179757029889796e-06;0.0;1.556253708260789e-05;2.9179757029889796e-06
MSM5LLGX;0.11686810299527063;0.0;0.0;0.0;0.0;0.0;0.0;0.0;0.0;0.0;0.0;0.0;0.0;0.0;0.0;0.0;0.0;0.0;0.0441408302679979;0.0;0.0;0.0;0.0;0.0;0.0;0.0;0.0;0.0;0.0;0.0;0.0;0.0;0.0014713610089332632;0.0;0.0;0.0;0.0;0.0;0.0;0.0;0.0;0.0;0.0;0.0;0.0;0.0;0.0;0.0;0.0;0.0;0.0;0.7640567524960589;0.0;0.0;0.0;0.0;0.0;0.0;0.0;0.0;0.0;0.008407777193904361;0.0;0.0;0.0;0.0;0.0;0.0;0.0;0.0;0.0;0.0;0.0;0.0;0.0;0.03857067787703626;0.0;0.0;0.0018917498686284813;0.0;0.0;0.0;0.0;0.0;0.0;0.0;0.0;0.0;0.0;0.0;0.0;0.0;0.006831318970047294;0.0;0.0;0.0;0.0;0.017761429322122962;0.0;0.0;0.0;0.0;0.0;0.0;0.0;0.0;0.0
HSM5MD5H;0.18227789909205838;0.0;0.0;0.0;0.0;0.0;0.0;0.0;0.0;0.0;0.0;0.0;0.0;0.0;0.0;0.0;0.0;0.0;0.008964486840593035;0.005171819331111367;0.00034478795540742444;0.0;0.0;0.0;0.0;0.0;0.0;0.0;0.0;0.0;0.0;0.0;0.0;0.0;0.0;0.0;0.0;0.0;0.0;0.0;0.0;0.0;0.0;0.0;0.0;0.0;0.0;0.0;0.0;0.0;0.0;0.4815538443857028;0.0;0.0;0.0;0.014596023445580968;0.0;0.0;0.0;0.0005746465923457074;0.0;0.0;0.0;0.0;0.0;0.0;0.0;0.0;0.0;0.0;0.0;0.0;0.0;0.0;0.0;0.003332950235605103;0.0;0.0;0.002413515687851971;0.0;0.0;0.0;0.0;0.0;0.0;0.0;0.016090104585679808;0.0;0.0;0.0;0.0;0.0;0.004022526146419952;0.0;0.0;0.0;0.0;0.2806573957016435;0.0;0.0;0.0;0.0;0.0;0.0;0.0;0.0;0.0
CSM5MCW8;0.12473412336675782;0.0;0.0;0.0;0.0;0.0;0.0;0.0;0.0;0.0;0.0;0.0;0.0;0.0;0.0;0.0;0.0;0.0;0.0;0.0027347310847766638;0.0;0.010635065329687025;0.0;0.0;0.0;0.0;0.0;0.0;0.0;0.0;0.0;0.01253418413855971;0.0;0.0;0.0;0.0;0.0015192950470981465;0.0;0.0;0.0;0.0;0.0;0.0;0.0;0.0;0.0;0.6755545426921908;0.0;0.0;0.0;0.0;0.0;0.0;0.0;0.0;0.0;0.0;0.0;0.0;0.0;0.0;0.013065937405044059;0.0;0.0;0.0;0.0;0.0;0.0;0.0;0.0;0.0;0.0;0.0;0.0;0.0;0.009723488301428137;0.0;0.0;0.0;0.0;0.0;0.0;0.0;0.0;0.0;0.0;0.0;0.0;0.0;0.0;0.10202066241264053;0.0;0.042464296566393195;0.0;0.0;0.0;0.0;0.0;0.0;0.0;0.0;0.0;0.005013673655423883;0.0;0.0;0.0;0.0
HSM5MD86;0.8464375165192001;0.0;0.0;0.0;0.0;0.001963424917875977;0.0;0.0;0.0;0.0;0.0;0.0;0.0;0.0;0.0;0.0;0.0;0.0;2.5172114331743294e-05;0.0;0.0;3.7758171497614944e-05;0.0;0.0;0.0;0.0;0.0;0.000427925943639636;0.0;0.0;0.0;0.06936176104111864;7.551634299522989e-05;0.0;0.0;0.0;0.0;0.0;0.0;0.0;0.0;0.0;0.0;0.0;0.0;0.0;0.0;0.0;0.0;0.0;0.0;0.007841113614338036;0.0;0.0;0.0;0.0714258744163216;0.0;0.0;0.0;0.0;0.0;0.00027689325764917625;0.0;0.0;0.0;0.0;0.0;0.0;0.0;0.0;0.0;0.0;0.0;0.0;0.0;0.0;0.0;0.0;0.0;0.0;0.0;0.0;0.0;0.0;0.0;0.0;0.0;0.0;0.0;0.0;0.0011201590877625766;0.0;0.0;0.0;0.0;0.0;0.0;0.0010068845732697318;0.0;0.0;0.0;0.0;0.0;0.0;0.0;0.0;0.0
HSM5MD4R;0.1930876388643978;0.0;0.0;0.0;0.0;0.0;0.0;0.0;0.0;0.0;0.0;0.0;0.0;0.0;0.0;0.0;0.0;0.0;0.1207899841297831;0.0;0.0;0.0;0.0;0.0;0.0;0.0;0.0;0.0;0.0;0.0;0.0;0.0;0.0;0.0;0.0;0.0;0.0;0.0;0.0;0.0;0.0;0.0;0.0;0.0;0.0;0.0;0.0;0.0;0.0;0.0;0.0;0.5669194145653323;0.0;0.0;0.0;0.02839005466408041;0.0;0.0;0.0;0.0;0.0;0.004937400811144419;0.0;0.0;0.0;0.0;0.0;0.0;0.0;0.0;0.0;0.0;0.0;0.0;0.0;0.0033503791218479984;0.0;0.0;0.011638159054840416;0.0;0.0;0.0;0.0;0.0;0.0;0.0;0.0;0.0;0.0;0.0;0.00969846587903368;0.0;0.0326221125022042;0.0;0.0;0.0;0.0;0.02856639040733557;0.0;0.0;0.0;0.0;0.0;0.0;0.0;0.0;0.0
MSM5LLHG;1.0;0.0;0.0;0.0;0.0;0.0;0.0;0.0;0.0;0.0;0.0;0.0;0.0;0.0;0.0;0.0;0.0;0.0;0.0;0.0;0.0;0.0;0.0;0.0;0.0;0.0;0.0;0.0;0.0;0.0;0.0;0.0;0.0;0.0;0.0;0.0;0.0;0.0;0.0;0.0;0.0;0.0;0.0;0.0;0.0;0.0;0.0;0.0;0.0;0.0;0.0;0.0;0.0;0.0;0.0;0.0;0.0;0.0;0.0;0.0;0.0;0.0;0.0;0.0;0.0;0.0;0.0;0.0;0.0;0.0;0.0;0.0;0.0;0.0;0.0;0.0;0.0;0.0;0.0;0.0;0.0;0.0;0.0;0.0;0.0;0.0;0.0;0.0;0.0;0.0;0.0;0.0;0.0;0.0;0.0;0.0;0.0;0.0;0.0;0.0;0.0;0.0;0.0;0.0;0.0;0.0;0.0
CSM5FZ48;0.0;0.0;0.0;0.0;0.0;0.0;0.0;0.0;0.0;0.0;0.0;0.0;0.0;0.0;0.0;0.0;0.0;0.0;1.0;0.0;0.0;0.0;0.0;0.0;0.0;0.0;0.0;0.0;0.0;0.0;0.0;0.0;0.0;0.0;0.0;0.0;0.0;0.0;0.0;0.0;0.0;0.0;0.0;0.0;0.0;0.0;0.0;0.0;0.0;0.0;0.0;0.0;0.0;0.0;0.0;0.0;0.0;0.0;0.0;0.0;0.0;0.0;0.0;0.0;0.0;0.0;0.0;0.0;0.0;0.0;0.0;0.0;0.0;0.0;0.0;0.0;0.0;0.0;0.0;0.0;0.0;0.0;0.0;0.0;0.0;0.0;0.0;0.0;0.0;0.0;0.0;0.0;0.0;0.0;0.0;0.0;0.0;0.0;0.0;0.0;0.0;0.0;0.0;0.0;0.0;0.0;0.0
ESM5MEET;0.6834484830279364;0.0;0.0;0.0;0.0;0.0;0.0;0.0;0.0;0.0;0.019945929708621208;0.0;0.0;0.0;0.0;0.0;0.0;0.0;0.0033042955842595375;0.024752177831180534;0.0;0.0;0.0;0.0;0.0;0.0;0.0;0.0;0.0;0.0;0.0;0.0;0.0008410934214478822;0.0;0.0;0.0;0.0;0.0;0.0;0.0;0.0;0.0;0.002883748873535596;0.0;0.0;0.0;0.0;0.0008410934214478822;0.0;0.004085310904175428;0.0;0.19867828176629618;0.0;0.0;0.0;0.005226794833283269;0.0;0.0;0.0;0.0;0.0;0.008531090417542806;0.0;0.0;0.0;0.0;0.0;0.0;0.0;0.0;0.0007810153199158907;0.0;0.0;0.0;0.0022829678582156803;0.0013817963352358066;0.0;0.0;0.00030039050765995795;0.0;0.0;0.0;0.0;0.0;0.0;0.0;0.0007810153199158907;0.0;0.0;0.0;0.0;0.0;0.01898468008410934;0.0;0.0;0.0;0.00018023430459597475;0.021988585160708923;0.0;0.0007810153199158907;0.0;0.0;0.0;0.0;0.0;0.0;0.0
ESM5MEEG;0.24085527478353067;0.0;0.0;0.0;0.0;0.0;0.0;0.0;0.002297225658243506;0.0;0.0;0.0;0.0;0.0;0.0;0.0;0.0;0.0;0.05955115744831242;0.012369676621311186;0.0;0.0;0.0;0.0;0.0;0.0;0.0;0.0;0.0;0.0;0.0;0.0;0.0;0.0;0.0;0.0;0.003004064322318431;0.0;0.0;0.0;0.0;0.0;0.003004064322318431;0.0;0.0;0.0;0.0;0.0;0.0;0.0;0.0;0.03163103021735289;0.0;0.0;0.0;0.0024739353242622373;0.0;0.0;0.0;0.0;0.0;0.0;0.0;0.0;0.0;0.0;0.0;0.0;0.0;0.0;0.0;0.0;0.0;0.0;0.0;0.0;0.0;0.0;0.00865877363491783;0.0;0.0;0.0;0.0;0.0;0.0;0.0;0.0;0.0;0.0;0.0;0.0;0.0;0.0026506449902809685;0.0;0.0;0.0;0.0;0.6315603463509454;0.0;0.0;0.0019438063262060435;0.0;0.0;0.0;0.0;0.0;0.0
MSM5LLGH;0.0;0.0;0.0;0.0;0.0;0.0;0.0;0.0;0.0;0.0;0.0;0.0;0.0;0.0;0.0;0.0;0.0;0.0;0.0;1.0;0.0;0.0;0.0;0.0;0.0;0.0;0.0;0.0;0.0;0.0;0.0;0.0;0.0;0.0;0.0;0.0;0.0;0.0;0.0;0.0;0.0;0.0;0.0;0.0;0.0;0.0;0.0;0.0;0.0;0.0;0.0;0.0;0.0;0.0;0.0;0.0;0.0;0.0;0.0;0.0;0.0;0.0;0.0;0.0;0.0;0.0;0.0;0.0;0.0;0.0;0.0;0.0;0.0;0.0;0.0;0.0;0.0;0.0;0.0;0.0;0.0;0.0;0.0;0.0;0.0;0.0;0.0;0.0;0.0;0.0;0.0;0.0;0.0;0.0;0.0;0.0;0.0;0.0;0.0;0.0;0.0;0.0;0.0;0.0;0.0;0.0;0.0
MSM5FZ9Z;0.4863008640425375;0.0;0.0;0.0;0.0;0.006203382320360387;0.0;0.0;0.0;0.0;0.2318144893287054;0.0;0.0;0.0;0.0;0.0;0.0;0.0;0.0;0.0;0.0;0.0;0.0;0.0;0.0;0.0;0.0;0.0025847426334834945;0.0;0.0;0.0;0.003323240528764493;0.00465253674027029;0.0;0.0;0.0;0.0;0.0;0.0;0.0;0.0;0.0;0.007606528321394284;0.0;0.0;0.0;0.0;0.0;0.0;0.0;0.0;0.004357137582157891;0.0;0.0;0.0;0.0;0.0;0.0;0.0;0.0;0.0;0.006720330847057086;0.0;0.0;0.0;0.0;0.0;0.0;0.0;0.0;0.0;0.0;0.0;0.0;0.0;0.03544789897348793;0.0;0.0;0.0;0.0;0.0;0.0;0.0;0.0;0.0;0.0;0.0;0.0;0.0;0.0;0.1927479506683406;0.0;0.011151318218743076;0.0;0.006277232109888487;0.0;0.0;0.0008123476848090983;0.0;0.0;0.0;0.0;0.0;0.0;0.0;0.0;0.0
CSM5MCVH;0.724025974025974;0.0;0.0;0.0;0.0;0.0;0.0;0.0;0.015656565656565657;0.0;0.0;0.0;0.0;0.0;0.0;0.0;0.0;0.0;0.00021645021645021645;0.0006493506493506494;0.0;0.005303030303030303;0.0;0.0;0.0;0.0;0.0;0.0;0.0;0.0;0.0;0.01865079365079365;0.00036075036075036075;0.0;0.0;0.0;0.0;0.0;0.0;0.0;0.0;0.0;0.0;0.0;0.0;0.0;0.0;0.0;0.0;0.0;0.0;0.005266955266955267;0.0;0.0;0.0;0.0;0.0;0.0;0.0;0.0;0.0;0.004653679653679654;0.0;0.0;0.0;0.0;0.0;0.0;0.0;0.0;0.0;0.0;0.0;0.0;0.0;0.028246753246753246;0.0;0.0;0.0;0.0;0.0;0.0;0.0;0.0;0.0;0.0;0.0;0.0;0.0;0.0;0.18661616161616162;0.0;0.008513708513708513;0.0;0.0;0.0;0.0;0.0;0.0;0.0;0.0;0.0;0.00183982683982684;0.0;0.0;0.0;0.0
MSM5LLHM;0.7;0.0;0.0;0.0;0.0;0.0;0.0;0.0;0.0;0.0;0.0;0.0;0.0;0.0;0.0;0.0;0.0;0.0;0.0;0.0;0.0;0.0;0.0;0.0;0.0;0.0;0.0;0.0;0.0;0.0;0.0;0.0;0.0;0.0;0.0;0.0;0.0;0.0;0.0;0.0;0.0;0.0;0.0;0.0;0.0;0.0;0.0;0.0;0.0;0.0;0.0;0.0;0.0;0.0;0.0;0.0;0.0;0.0;0.0;0.0;0.0;0.0;0.0;0.0;0.0;0.0;0.0;0.0;0.0;0.0;0.0;0.0;0.0;0.0;0.0;0.0;0.0;0.0;0.0;0.0;0.0;0.0;0.0;0.0;0.0;0.0;0.0;0.0;0.3;0.0;0.0;0.0;0.0;0.0;0.0;0.0;0.0;0.0;0.0;0.0;0.0;0.0;0.0;0.0;0.0;0.0;0.0
HSM5MD87;0.5;0.0;0.0;0.0;0.0;0.0;0.0;0.0;0.0;0.0;0.0;0.0;0.0;0.0;0.0;0.0;0.0;0.0;0.0;0.0;0.0;0.0;0.0;0.0;0.0;0.0;0.0;0.0;0.0;0.0;0.0;0.0;0.0;0.0;0.0;0.0;0.0;0.0;0.0;0.0;0.0;0.0;0.0;0.0;0.0;0.0;0.0;0.0;0.0;0.0;0.0;0.5;0.0;0.0;0.0;0.0;0.0;0.0;0.0;0.0;0.0;0.0;0.0;0.0;0.0;0.0;0.0;0.0;0.0;0.0;0.0;0.0;0.0;0.0;0.0;0.0;0.0;0.0;0.0;0.0;0.0;0.0;0.0;0.0;0.0;0.0;0.0;0.0;0.0;0.0;0.0;0.0;0.0;0.0;0.0;0.0;0.0;0.0;0.0;0.0;0.0;0.0;0.0;0.0;0.0;0.0;0.0
CSM5MCV1;0.2056818181818182;0.0;0.0;0.0;0.0;0.0;0.0;0.0;0.0;0.0;0.0;0.0;0.0;0.0;0.0;0.0;0.0;0.0;0.7454545454545455;0.0;0.0;0.0;0.0;0.0;0.0;0.0;0.0;0.0;0.0;0.0;0.0;0.0;0.0;0.0;0.0;0.0;0.0;0.0;0.0;0.0;0.0;0.0;0.0;0.0;0.0;0.0;0.0;0.0;0.0;0.0;0.0;0.0;0.0;0.0;0.0;0.0;0.0;0.0;0.0;0.0;0.0;0.0;0.0;0.0;0.0;0.0;0.0;0.0;0.0;0.0;0.0;0.0;0.0;0.0;0.0;0.0;0.0;0.0;0.0;0.0;0.0;0.0;0.0;0.0;0.0;0.0;0.0;0.0;0.0;0.0;0.0;0.0;0.019318181818181818;0.0;0.0;0.0;0.0;0.029545454545454545;0.0;0.0;0.0;0.0;0.0;0.0;0.0;0.0;0.0
CSM5YRY7;0.16408668730650156;0.0;0.0;0.0;0.0;0.0;0.0;0.0;0.0;0.0;0.03715170278637771;0.0;0.0;0.0;0.0;0.0;0.0;0.0;0.6904024767801857;0.0;0.0;0.0;0.0;0.0;0.0;0.0;0.0;0.0;0.0;0.0;0.0;0.0;0.0;0.0;0.0;0.0;0.0;0.0;0.0;0.0;0.0;0.0;0.0;0.0;0.0;0.0;0.0;0.0;0.0;0.0;0.0;0.06811145510835913;0.0;0.0;0.0;0.0;0.0;0.0;0.0;0.0;0.0;0.006191950464396285;0.0;0.0;0.0;0.0;0.0;0.0;0.0;0.0;0.0;0.0;0.0;0.0;0.0;0.0;0.0;0.0;0.0;0.0;0.0;0.0;0.0;0.0;0.0;0.0;0.0;0.0;0.0;0.0;0.034055727554179564;0.0;0.0;0.0;0.0;0.0;0.0;0.0;0.0;0.0;0.0;0.0;0.0;0.0;0.0;0.0;0.0
ESM5MEE6;0.16326530612244897;0.0;0.0;0.0;0.0;0.0;0.0;0.0;0.0;0.0;0.0;0.0;0.0;0.0;0.0;0.0;0.0;0.0;0.5306122448979592;0.0;0.02040816326530612;0.0;0.0;0.0;0.0;0.0;0.0;0.0;0.0;0.0;0.0;0.0;0.0;0.0;0.0;0.0;0.0;0.0;0.0;0.0;0.02040816326530612;0.0;0.0;0.0;0.0;0.0;0.0;0.0;0.0;0.0;0.0;0.1836734693877551;0.0;0.0;0.0;0.0;0.0;0.0;0.0;0.0;0.0;0.0;0.0;0.0;0.0;0.0;0.0;0.0;0.0;0.0;0.0;0.0;0.0;0.0;0.0;0.0;0.0;0.0;0.0;0.0;0.0;0.0;0.0;0.0;0.0;0.0;0.0;0.0;0.0;0.0;0.04081632653061224;0.0;0.0;0.0;0.0;0.0;0.0;0.04081632653061224;0.0;0.0;0.0;0.0;0.0;0.0;0.0;0.0;0.0
CSM5FZ3Z;0.2696522153406384;0.0;0.0;0.0;0.0;0.0;0.0;0.0;0.0;0.0;0.0;0.0;0.0;0.0;0.0;0.0;0.0;0.0;0.08623153882801333;0.0;0.0;0.0;0.0;0.0;0.0;0.0;0.0;0.0;0.0;0.0;0.0;0.0;0.0;0.0;0.0;0.0;0.0;0.0;0.0;0.0;0.0;0.0;0.0;0.0;0.0;0.0;0.0;0.0;0.0;0.0;0.0;0.0;0.0;0.0;0.0;0.0;0.0;0.0;0.0;0.0;0.0;0.0;0.0;0.0;0.0;0.0;0.0;0.0;0.0;0.0;0.0;0.0;0.0;0.0;0.0;0.0;0.0;0.0;0.0;0.0;0.0;0.0;0.0;0.0;0.0;0.0;0.0;0.0;0.0;0.0;0.0033349213911386373;0.0;0.0;0.0;0.0;0.0;0.0;0.6407813244402096;0.0;0.0;0.0;0.0;0.0;0.0;0.0;0.0;0.0
MSM5FZ9N;0.11725686647089308;0.0;0.0;0.0;0.0;0.0;0.0;0.0;0.0;0.0;0.0;0.0;0.0;0.0;0.0;0.0;0.0;0.0;0.0;0.0;0.0;0.003351183278631888;0.0;0.0;0.0;0.0;0.0;0.0;0.0;0.0;0.0;0.26294696838832265;0.002573846951114182;0.0;0.0;0.0;0.0;0.0;0.0;0.0;0.0;0.0;0.0022283641388840905;0.0;0.0;0.0;0.0;0.0;0.0001554672655035412;0.007514251166004491;3.4548281223009156e-05;0.2709621696320608;0.0;0.0;0.0;0.0016237692174814304;0.0;0.0;0.0;0.0;0.0;0.0;0.0;0.0;0.0;0.0;0.0;0.0;0.0;0.0;0.0;0.0;0.0;0.0;0.0;0.0005700466401796511;0.0;0.0;0.0;0.0;0.0;0.0;0.0;0.0;0.0;0.0;0.0;0.0;0.0;0.0;0.0007600621869062014;0.0;0.0011919157021938159;0.0;0.0;0.0;0.0;0.32883054068060114;0.0;0.0;0.0;0.0;0.0;0.0;0.0;0.0;0.0
ESM5GEZA;0.10857142857142857;0.0;0.0;0.0;0.0;0.0;0.0;0.0;0.0;0.0;0.0;0.0;0.0;0.0;0.009523809523809525;0.0;0.0;0.0;0.6152380952380953;0.013333333333333334;0.0;0.0;0.0;0.0;0.0;0.0;0.0;0.0;0.0;0.0;0.0;0.0;0.0;0.0;0.0;0.0;0.005714285714285714;0.0;0.0;0.0;0.0019047619047619048;0.0;0.0019047619047619048;0.0;0.0;0.0;0.0;0.0;0.0;0.0;0.0;0.14476190476190476;0.0;0.0;0.0;0.0019047619047619048;0.0;0.0;0.0;0.0;0.0;0.0019047619047619048;0.0;0.0;0.0;0.0;0.0;0.0;0.0;0.0;0.0;0.0;0.0;0.0;0.0;0.03238095238095238;0.0;0.0;0.030476190476190476;0.0;0.0;0.0;0.0;0.0;0.0;0.0;0.0;0.0;0.0;0.0;0.011428571428571429;0.0;0.0;0.0;0.0;0.0;0.0;0.02095238095238095;0.0;0.0;0.0;0.0;0.0;0.0;0.0;0.0;0.0
HSM5FZBQ;0.09545454545454546;0.0;0.0;0.0;0.0;0.0;0.0;0.0;0.0;0.0;0.0;0.0;0.0;0.0;0.0;0.0;0.0;0.0;0.20833333333333334;0.0007575757575757576;0.0030303030303030303;0.0;0.0;0.0;0.0;0.0;0.0;0.0007575757575757576;0.0;0.0;0.0;0.0;0.0007575757575757576;0.0;0.0;0.0;0.0022727272727272726;0.0;0.0;0.0;0.0030303030303030303;0.0;0.006060606060606061;0.0;0.0;0.0;0.0;0.0;0.0;0.0;0.0;0.006060606060606061;0.0;0.0;0.0;0.007575757575757576;0.0;0.0;0.0;0.0;0.0;0.0;0.0;0.0007575757575757576;0.0;0.0;0.0;0.0015151515151515152;0.0;0.0;0.0;0.0;0.0;0.0;0.0;0.0015151515151515152;0.0;0.0;0.0007575757575757576;0.0015151515151515152;0.0;0.0;0.0;0.0;0.0;0.0;0.6227272727272727;0.0;0.0;0.0;0.0;0.0;0.0007575757575757576;0.0;0.0;0.0;0.0022727272727272726;0.015151515151515152;0.0;0.0;0.0;0.0;0.01893939393939394;0.0;0.0;0.0;0.0
HSM5MD3L;0.33591613491340017;0.0;0.0;0.0;0.0;0.0;0.00045578851412944393;0.0;0.0;0.0;0.0;0.0;0.0;0.0;0.0;0.0;0.0;0.0;0.17274384685505925;0.02643573381950775;0.03236098450319052;0.0022789425706472195;0.0;0.0;0.0;0.0;0.0;0.0;0.0;0.0;0.0;0.0;0.0031905195989061076;0.0;0.0;0.0;0.008204193254329991;0.0;0.0;0.0;0.043299908842297175;0.0;0.03099361896080219;0.0;0.00045578851412944393;0.0;0.0;0.0;0.0;0.0;0.0;0.07976298997265269;0.0;0.0;0.0;0.017775752051048314;0.0;0.00045578851412944393;0.0;0.0;0.0;0.0;0.0;0.0;0.0;0.0;0.0;0.0;0.0;0.0;0.0;0.0;0.0;0.006381039197812215;0.0;0.008204193254329991;0.0;0.0;0.0027347310847766638;0.0;0.0;0.0;0.0;0.0;0.0;0.0;0.0;0.0;0.0;0.0;0.0013673655423883319;0.0;0.03555150410209663;0.0;0.0;0.0;0.009115770282588878;0.18003646308113036;0.0;0.0;0.0;0.0;0.0022789425706472195;0.0;0.0;0.0;0.0
ESM5MEE2;0.11712285168682368;0.0;0.0;0.0;0.0;0.0;0.0;0.0;0.0;0.0;0.0;0.0;0.0;0.0;0.0;0.0;0.0;0.0;0.09038828771483132;0.0;0.0;0.0;0.0;0.0;0.0;0.0;0.0;0.0;0.0;0.0;0.0;0.0;0.0;0.0;0.0;0.0;0.0;0.0;0.0;0.0;0.0;0.0;0.0;0.0;0.0;0.0;0.0;0.0;0.0;0.0;0.0;0.734139613834076;0.0;0.0;0.0;0.031190324633991087;0.0;0.0;0.0;0.0;0.0;0.0046679397411415234;0.0;0.0;0.0;0.0;0.0;0.0;0.0;0.0;0.0;0.0;0.0;0.0;0.0;0.0;0.0;0.0;0.004031402503713134;0.0;0.0;0.0;0.0;0.0;0.0;0.0;0.0;0.0;0.0;0.0;0.0;0.0;0.001273074474856779;0.0;0.0;0.0;0.0;0.01718650541056652;0.0;0.0;0.0;0.0;0.0;0.0;0.0;0.0;0.0
MSM5LLGT;0.31350017024174326;0.0;0.0;0.0;0.0;0.0;0.0;0.0;0.0;0.0;0.0;0.0;0.0;0.0;0.0;0.0;0.0;0.0;0.019662921348314606;0.0;0.004937010554988083;0.001617296561116786;0.0;0.0;0.0;0.0;0.0;0.0;0.0;0.0;0.0;0.0;0.005362614913176711;0.0;0.0;0.0;0.0;0.0;0.0;0.0;0.0;0.0;0.008767449778685734;0.0;0.0;0.0;0.0;0.0;0.0;0.0;0.0;0.24310520939734423;0.0;0.0;0.0;0.0;0.0;0.0;0.0;0.0;0.0;0.0343037112700034;0.0;0.0;0.0;0.0;0.0;0.0;0.0;0.0;0.0;0.0;0.0;0.0;0.0;0.12606401089547156;0.0;0.0;0.0009363295880149813;0.0;0.0;0.0;0.0;0.0;0.0;0.0;0.0;0.0;0.0;0.0;0.07065032345931223;0.0;0.006298944501191692;0.0;0.0;0.0;0.0;0.1647940074906367;0.0;0.0;0.0;0.0;0.0;0.0;0.0;0.0;0.0
MSM5LLFS;0.1925108270835534;0.0;0.0;0.0;0.0;0.0;0.0;0.0;0.0;0.0;0.0;0.0;0.0;0.0;0.0;0.0;0.0;0.0;0.015369177141649941;0.0;0.0;0.0;0.0;0.0;0.0;0.0;0.0;0.0;0.0;0.0;0.0;0.0;0.0;0.0;0.0;0.0;0.00142600612654484;0.0;0.0;0.0;0.0;0.0;0.0;0.0;0.0;0.0;0.0;0.0;0.0;0.0;0.0;0.4091581282349213;0.0;0.0;0.0;0.0;0.0;0.0;0.0;0.0;0.20603147776486744;0.01906623006232175;0.0;0.0;0.0;0.0;0.0;0.0;0.0;0.0;0.0;0.0;0.0;0.0;0.0;0.00015844512517164888;0.0;0.0;0.0;0.0;0.0;0.0;0.0;0.0;0.0;0.0;0.0;0.0;0.0;0.0;0.1335692405197;0.0;0.022235132565754726;0.0;0.0;0.0;0.0;0.0004753353755149467;0.0;0.0;0.0;0.0;0.0;0.0;0.0;0.0;0.0
MSM5FZ9Q;0.49820284234670953;0.0;0.0;0.0;0.0;0.0;0.0;0.0;0.0;0.0;0.0;0.0;0.0;0.0;0.0;0.0;0.0;0.0;5.9117028068764926e-05;0.0;0.0;0.0;0.0;0.0;0.0;0.0;0.0;0.0;0.0;0.0;0.0;0.0;0.0012059873726028045;0.0;0.0;0.0;0.0;0.0;0.0;0.0;0.0;0.0;0.0010522830996240156;0.0;0.0;0.0;0.0;0.0;0.0;0.0;0.0;0.03245524840975195;0.0;0.0;0.0;0.0;0.0;0.0;0.0;0.0;0.0;0.0005320532526188844;0.0;0.0;0.0;0.0;0.0;0.0;0.0;0.0;0.0;0.0;0.0;0.0;0.0;0.004019957908676015;0.0;0.0;0.0;0.0;0.0;0.0;0.0;0.0;0.0;0.0;0.0;0.0;0.0;0.0;0.0018917448982004776;0.0;0.02380051550048476;0.0;0.0;0.0;0.0;0.4367802501832628;0.0;0.0;0.0;0.0;0.0;0.0;0.0;0.0;0.0
HSM5FZBT;0.6553243574051407;0.0;0.0;0.0;0.0;0.0;0.0;0.0;0.0;0.0;0.0;0.0;0.0;0.0;0.0;0.0;0.0;0.0;0.012403100775193798;0.0;0.0;0.0;0.0;0.0;0.0;0.0;0.0;0.0;0.0;0.0;0.0;0.0;0.0009791921664626683;0.0;0.0;0.0;0.0;0.0;0.0;0.0;0.0;0.0;0.00897592819257446;0.0;0.0;0.0;0.0;0.0;0.0;0.0;0.0;0.010607915136678907;0.0;0.0;0.0;0.0;0.0;0.0;0.0;0.0;0.0;0.0026111791105671153;0.0;0.0;0.0;0.0;0.0;0.0;0.0;0.0;0.0;0.0;0.0;0.0;0.0;0.0;0.0;0.0;0.0033455732354141167;0.0;0.0;0.0;0.0;0.0;0.0;0.0;0.0;0.0;0.0;0.0;0.003182374541003672;0.0;0.003916768665850673;0.0;0.0;0.0;0.0;0.29865361077111385;0.0;0.0;0.0;0.0;0.0;0.0;0.0;0.0;0.0
CSM5MCVZ;0.3485838779956427;0.0;0.0;0.0;0.0;0.0;0.0;0.0;0.0;0.0;0.0;0.0;0.0;0.0;0.0;0.0;0.0;0.0;0.16884531590413943;0.0;0.0;0.0;0.0;0.0;0.0;0.0;0.0;0.0;0.0;0.0;0.0;0.0;0.0;0.0;0.0;0.0;0.0;0.0;0.0;0.0;0.0;0.0;0.0;0.0;0.0;0.0;0.0;0.0;0.0;0.0;0.0;0.05337690631808279;0.0;0.0;0.0;0.0;0.0;0.0;0.0;0.0;0.0;0.05228758169934641;0.0;0.0;0.0;0.0;0.0;0.0;0.0;0.0;0.0;0.0;0.0;0.0;0.0;0.010893246187363835;0.0;0.0;0.0;0.0;0.0;0.0;0.0;0.0;0.0;0.0;0.0;0.0;0.0;0.0;0.0457516339869281;0.0;0.0;0.0;0.0;0.0;0.0;0.3202614379084967;0.0;0.0;0.0;0.0;0.0;0.0;0.0;0.0;0.0
CSM5FZ4I;0.21786600496277916;0.0;0.0;0.0;0.0;0.0;0.001488833746898263;0.0024813895781637717;0.0;0.0004962779156327543;0.02977667493796526;0.04665012406947891;0.0;0.0;0.0;0.0;0.0009925558312655087;0.0;0.01836228287841191;0.020347394540942927;0.001488833746898263;0.010421836228287842;0.001488833746898263;0.0;0.0;0.001488833746898263;0.0;0.001488833746898263;0.0;0.0;0.0;0.0;0.0004962779156327543;0.0004962779156327543;0.0;0.0;0.008933002481389578;0.002977667493796526;0.0;0.0;0.001488833746898263;0.0;0.0009925558312655087;0.0;0.0;0.0;0.0;0.0;0.0;0.0;0.0;0.009429280397022333;0.0;0.001488833746898263;0.0;0.0064516129032258064;0.0;0.0;0.0;0.0;0.0;0.0009925558312655087;0.018858560794044667;0.0034739454094292804;0.0024813895781637717;0.005459057071960298;0.0;0.0;0.011910669975186104;0.0;0.0;0.0;0.0034739454094292804;0.0;0.0;0.006947890818858561;0.0;0.0;0.0;0.002977667493796526;0.0;0.0;0.0;0.0;0.002977667493796526;0.0;0.01488833746898263;0.0034739454094292804;0.0;0.45707196029776676;0.0009925558312655087;0.0019851116625310174;0.03325062034739454;0.0;0.0;0.0;0.02977667493796526;0.0;0.0034739454094292804;0.004466501240694789;0.0;0.0;0.0034739454094292804;0.0;0.0;0.0;0.0
MSM5LLE5;0.1500390494254156;0.0;0.0;0.0;0.0;0.0;0.0;0.0;0.0;0.0;0.0;0.0;0.0;0.0;0.0;0.0;0.0;0.0;4.462791476068281e-05;0.0;0.0;0.0;0.0;0.0;0.0;0.0;0.0;0.0;0.0;0.0;0.0;0.0;0.0;0.0;0.0;0.0;0.0;0.0;0.0;0.0;0.0;0.0;0.0022760236527948233;0.0;0.0;0.0;0.0;0.0;0.0;0.0;8.925582952136562e-05;0.002432221354457213;0.0;0.0;0.0;0.0;0.0;0.0;0.0;0.0022313957380341405;0.0;0.002476849269217896;0.0;0.0;0.0;0.0;0.0;0.0;0.0;0.0;0.0;0.0;0.0;0.0;0.0;0.0;0.0;0.0;0.0;0.0;0.0;0.0;0.0;0.0;0.0;0.0;0.0;0.0;0.0;0.0;0.0;0.0;0.004440477518687939;0.0;0.0;0.0;0.0;0.8355684480642642;0.0;0.00040165123284614524;0.0;0.0;0.0;0.0;0.0;0.0;0.0
CSM5FZ3X;0.3375575649601667;0.0;0.0;0.0;0.0;0.0;0.0;0.0;0.0;0.0;0.0;0.0;0.0;0.0;0.0;0.0;0.0;0.0;0.009849070556993512;0.0;0.0;0.0;0.0;0.0;0.0;0.0;0.0;0.0;0.0;0.0;0.0;0.0;0.0006722915055968268;0.0;0.0;0.0;0.002184947393189687;0.0;0.0;0.0;0.0;0.0;0.0;0.0;0.0;0.0;0.0;0.0;0.0;0.0;0.0;0.012605465729940502;0.0;0.0;0.0;0.0;0.0;0.0;0.0;0.0;0.0;0.0001680728763992067;0.0;0.0;0.0;0.0;0.0;0.0;0.0;0.0;0.0;0.0;0.0;0.0;0.0;0.0;0.0;0.0;0.0;0.0;0.0;0.0;0.0;0.0;0.0;0.0;0.0;0.0;0.0;0.0;0.0;0.0;0.0;0.0;0.0;0.0;0.0;0.6369625869777136;0.0;0.0;0.0;0.0;0.0;0.0;0.0;0.0;0.0
CSM5FZ3N;0.39134662129314535;0.0;0.0;0.0;0.0;0.0;0.0;0.0;0.0;0.0;0.0;0.0;0.0;0.0;0.0;0.0;0.0;0.0;0.03889158969372873;0.0;0.0;0.007049100631988332;0.0;0.0;0.0;0.0;0.0;0.0;0.0;0.0;0.0;0.0;0.007292173067574137;0.0;0.0;0.0;0.0012153621779290229;0.0;0.0;0.0;0.0;0.0;0.0;0.0;0.0;0.0;0.0;0.0;0.0;0.0;0.0;0.5182304326689353;0.0;0.0;0.0;0.0;0.0;0.0;0.0;0.0;0.0;0.006319883325230919;0.0;0.0;0.0;0.0;0.0;0.0;0.0;0.0;0.0;0.0;0.0;0.0;0.0;0.01434127369956247;0.0;0.0;0.0;0.0;0.0;0.0;0.0;0.0;0.0;0.0;0.0;0.0;0.0;0.0;0.0;0.0;0.015313563441905688;0.0;0.0;0.0;0.0;0.0;0.0;0.0;0.0;0.0;0.0;0.0;0.0;0.0;0.0
ESM5GEZ8;0.13899337273867096;0.0;0.0;0.0;0.0;0.0;0.0;0.0;0.0;0.0;0.0;0.0;0.0;0.0;0.0;0.0;0.0;0.0;0.031613827691205444;0.008507970625111947;0.0;0.0;0.0;0.0;0.0;0.0;0.0;0.0;0.0;0.0;0.0;0.0;0.0007164606842199534;0.0;0.0;0.0;0.0;0.0;0.0;0.0;0.0;0.0;0.0017015941250223894;0.0;0.0;0.0;0.0;0.0;0.0;0.0;0.0;0.35339423249149204;0.0;0.0;0.0;0.0;0.0;0.0;0.0;0.0;0.0;0.030091348737238045;0.0;0.0;0.0;0.0;0.0;0.0;0.0;0.0;0.0;0.0;0.0;0.0;0.0;0.010746910263299301;0.0;0.0;0.005194339960594662;0.0;0.0;0.0006269030986924592;0.0;0.0;0.0;0.0;0.0;0.0;0.0;0.0;0.0;0.0;0.002597169980297331;0.0;0.0;0.0;0.0;0.41581586960415545;0.0;0.0;0.0;0.0;0.0;0.0;0.0;0.0;0.0
ESM5MEEB;0.3333333333333333;0.0;0.0;0.0;0.0;0.0;0.0;0.0;0.0;0.0;0.0;0.0;0.0;0.0;0.0;0.0;0.0;0.0;0.5555555555555556;0.0;0.0;0.0;0.0;0.0;0.0;0.0;0.0;0.0;0.0;0.0;0.0;0.0;0.0;0.0;0.0;0.0;0.0;0.0;0.0;0.0;0.0;0.0;0.0;0.0;0.0;0.0;0.0;0.0;0.0;0.0;0.0;0.1111111111111111;0.0;0.0;0.0;0.0;0.0;0.0;0.0;0.0;0.0;0.0;0.0;0.0;0.0;0.0;0.0;0.0;0.0;0.0;0.0;0.0;0.0;0.0;0.0;0.0;0.0;0.0;0.0;0.0;0.0;0.0;0.0;0.0;0.0;0.0;0.0;0.0;0.0;0.0;0.0;0.0;0.0;0.0;0.0;0.0;0.0;0.0;0.0;0.0;0.0;0.0;0.0;0.0;0.0;0.0;0.0
