Unnamed: 0;f__;f__Acetobacteraceae;f__Actinomycetaceae;f__Alcaligenaceae;f__Bacillaceae;f__Bacteroidaceae;f__Barnesiellaceae;f__Bifidobacteriaceae;f__Bradyrhizobiaceae;f__Burkholderiaceae;f__Campylobacteraceae;f__Cardiobacteriaceae;f__Carnobacteriaceae;f__Christensenellaceae;f__Clostridiaceae;f__Comamonadaceae;f__Coriobacteriaceae;f__Corynebacteriaceae;f__Deferribacteraceae;f__Desulfovibrionaceae;f__Dietziaceae;f__Enterobacteriaceae;f__Enterococcaceae;f__Erysipelotrichaceae;f__Eubacteriaceae;f__Fusobacteriaceae;f__Gemellaceae;f__Helicobacteraceae;f__Lachnospiraceae;f__Lactobacillaceae;f__Leptotrichiaceae;f__Leuconostocaceae;f__Methanobacteriaceae;f__Microbacteriaceae;f__Micrococcaceae;f__Mogibacteriaceae;f__Moraxellaceae;f__Neisseriaceae;f__Odoribacteraceae;f__Oxalobacteraceae;f__Paenibacillaceae;f__Paraprevotellaceae;f__Pasteurellaceae;f__Peptococcaceae;f__Peptostreptococcaceae;f__Planococcaceae;f__Porphyromonadaceae;f__Prevotellaceae;f__Pseudomonadaceae;f__Rhizobiaceae;f__Rikenellaceae;f__Ruminococcaceae;f__S24-7;f__Sinobacteraceae;f__Spirochaetaceae;f__Staphylococcaceae;f__Streptococcaceae;f__Tissierellaceae;f__Turicibacteraceae;f__Veillonellaceae;f__Verrucomicrobiaceae;f__Victivallaceae;f__Weeksellaceae;f__Xanthomonadaceae
MSM5LLHI;0.0060173835524849565;0.0;0.0;0.05571651437486071;0.0;0.08179184310229552;0.005125919322487185;0.0;0.0;0.0;0.0;0.0;0.0;0.003788722977490528;0.0;0.0;0.0;0.0;0.0;0.0;0.0;0.0;0.0;0.0;0.0;0.0;0.0;0.0;0.022955203922442612;0.0;0.0;0.0;0.0;0.0;0.0;0.0;0.0;0.0;0.007577445954981056;0.0031201248049922;0.0;0.0;0.0;0.0;0.0;0.0;0.0035658569199910855;0.0;0.0;0.0;0.2970804546467573;0.4459549810563851;0.0;0.0;0.0;0.0;0.0;0.0;0.0;0.0;0.06440829061733898;0.0028972587474927567;0.0;0.0
MSM5FZ9V;0.05000268254734696;0.0;0.0;0.0;0.0;0.00037555662857449436;0.0;0.0006974623102097752;0.0;0.0;0.004721283330650786;0.0;0.0;0.0;0.007940340147003594;0.0;0.0;0.0;0.0;0.0;0.0;0.01759751059606202;0.0;0.0002682547346960674;0.0;0.0;0.0;0.0;0.44047427437094266;0.0;0.0;0.0;0.0;0.0;0.0;0.0;0.0;0.0;0.0;0.0;0.0;0.0;0.11116476205805033;0.0;0.0;0.0;0.0;0.009335264767423145;0.0;0.0;0.0;0.2301625623692258;0.0;0.0;0.0;0.0;0.0;0.0;0.0006438113632705617;0.0;0.1266162347765438;0.0;0.0;0.0
MSM5ZOJY;0.015819361817198486;0.0;0.0;0.0;0.0;0.0;0.0;0.0;0.0;0.0;0.0;0.0;0.0;0.0;0.0028055705786911842;0.0;0.0;0.0;0.0;0.0;0.0;0.11810438074634938;0.0;0.0008450513791238507;0.0;0.0;0.0;0.0;0.6233436992969172;0.0;0.0;0.0;0.0;0.0;0.0;0.0;0.0;0.0;0.0;0.0;0.0;0.0;0.03211195240670633;0.0;0.0;0.0;0.0;0.00040562466197944835;0.0;0.0;0.022512168739859385;0.18226068144943214;0.0;0.0;0.0;0.0;0.0;0.0;0.001149269875608437;0.0;0.0006422390481341265;0.0;0.0;0.0
CSM5MCV5;0.03237525376642804;0.0;0.0;0.3818249813014211;0.0;0.0011753392456459023;0.0;0.0;0.0;0.0;0.0;0.0;0.0;0.0;0.06165188588524415;0.0;0.0;0.0;0.0;0.0010150657121487338;0.0;0.5048616305160808;0.0;0.0;0.0;0.0;0.0;0.0;0.005128753071909392;0.0;0.0;0.0;0.0;0.0;0.0;0.0;0.0;0.0;0.0;0.0;0.0;0.0;0.002297253980126082;0.0;0.0;0.0;0.0;0.0;0.0;0.0;0.0;0.00812052569718987;0.0;0.0;0.0;0.0;0.0;0.0;0.0;0.0;0.0015493108238059622;0.0;0.0;0.0
HSM5FZBU;0.07716571780273888;0.0;0.0;0.162640406216341;0.0;0.008155100784736113;0.0;0.003308201261732574;0.0;0.0;0.0;0.0;0.0;0.0;0.014309893829819972;0.0;0.0;0.0;0.0;0.0;0.0;0.018079704569933835;0.0;0.0;0.0;0.0;0.0;0.0;0.3444376057855055;0.0;0.0;0.0;0.0;0.0;0.0;0.0;0.0010770887828896753;0.0;0.0;0.008155100784736113;0.0;0.0;0.0026927219572241883;0.0;0.0;0.0;0.0010770887828896753;0.0;0.0;0.0;0.0;0.3589013694414525;0.0;0.0;0.0;0.0;0.0;0.0;0.0;0.0;0.0;0.0;0.0;0.0
ESM5MEBA;0.0;0.0;0.0;0.0;0.0;1.0;0.0;0.0;0.0;0.0;0.0;0.0;0.0;0.0;0.0;0.0;0.0;0.0;0.0;0.0;0.0;0.0;0.0;0.0;0.0;0.0;0.0;0.0;0.0;0.0;0.0;0.0;0.0;0.0;0.0;0.0;0.0;0.0;0.0;0.0;0.0;0.0;0.0;0.0;0.0;0.0;0.0;0.0;0.0;0.0;0.0;0.0;0.0;0.0;0.0;0.0;0.0;0.0;0.0;0.0;0.0;0.0;0.0;0.0
MSM5LLEX;0.012974976830398516;0.0;0.0009267840593141798;0.0027803521779425394;0.0;0.020389249304911955;0.0;0.014828544949026877;0.0;0.0;0.0;0.0;0.0018535681186283596;0.0;0.2557924003707136;0.0;0.0;0.0;0.0;0.0;0.0;0.04911955514365153;0.0;0.0;0.0;0.0;0.0018535681186283596;0.0;0.0732159406858202;0.0037071362372567192;0.0;0.0;0.0;0.0;0.0;0.0;0.0;0.0;0.0;0.010194624652455977;0.0009267840593141798;0.0009267840593141798;0.0009267840593141798;0.0;0.0037071362372567192;0.0;0.0;0.0009267840593141798;0.0;0.0;0.0009267840593141798;0.021316033364226137;0.0009267840593141798;0.0;0.0;0.0;0.037998146431881374;0.0;0.0018535681186283596;0.48007414272474513;0.0018535681186283596;0.0;0.0;0.0
HSM5FZBR;0.0;0.0;0.0;0.09184726522187822;0.0;0.17647058823529413;0.0;0.0;0.0;0.0;0.0;0.0;0.0;0.0;0.0;0.0;0.0;0.0;0.0;0.0030959752321981426;0.0;0.006191950464396285;0.0;0.0;0.0;0.0;0.0;0.0;0.0;0.0;0.0;0.0;0.0;0.0;0.0;0.0;0.0;0.0;0.0;0.0;0.0;0.0;0.0;0.0;0.0;0.0;0.07120743034055728;0.6037151702786377;0.0;0.0;0.0;0.047471620227038186;0.0;0.0;0.0;0.0;0.0;0.0;0.0;0.0;0.0;0.0;0.0;0.0
ESM5MEBQ;0.0;0.0;0.0;0.0;0.0;0.0;0.0;0.0;0.0;0.0;0.0;0.0;0.0;0.0;0.0;0.0;0.0;0.0;0.0;0.0;0.0;0.0;0.0;0.0;0.0;0.0;0.0;0.0;1.0;0.0;0.0;0.0;0.0;0.0;0.0;0.0;0.0;0.0;0.0;0.0;0.0;0.0;0.0;0.0;0.0;0.0;0.0;0.0;0.0;0.0;0.0;0.0;0.0;0.0;0.0;0.0;0.0;0.0;0.0;0.0;0.0;0.0;0.0;0.0
ESM5MEEA;0.03699530516431925;0.0;0.0;0.04312989045383411;0.0;0.01784037558685446;0.0;0.0;0.0;0.0;0.0;0.0;0.0;0.0;0.0;0.0;0.0;0.0;0.0;0.0;0.0;0.0092018779342723;0.0;0.0;0.0;0.0;0.0;0.0;0.05809076682316119;0.0;0.0;0.0;0.0;0.0;0.0;0.0;0.0;0.0;0.0;0.0;0.0;0.0;0.04976525821596244;0.0;0.0;0.0;0.001189358372456964;0.0;0.0;0.0;0.0;0.7832237871674491;0.0;0.0;0.0;0.0;0.0;0.0;0.0005633802816901409;0.0;0.0;0.0;0.0;0.0
MSM5FZ9S;0.031022644956064375;0.0;0.0;0.29265219993071084;0.0;0.0;0.0;0.0;0.0;0.0;0.0;0.0;0.0;0.0036219331674592924;0.0034014676703095965;0.0;0.0;0.0;0.0;0.0;0.0;0.47234732764322385;0.0;0.0;0.0;0.0;0.0;0.0;0.13761771282794244;0.0;0.0;0.0;0.0;0.0;0.0;0.0;0.0;0.0;0.0;0.0;0.0;0.0;0.0008661144530880918;0.0;0.0;0.0;0.0;0.0;0.0;0.0;0.0;0.058076910963434224;0.0;0.0;0.0;0.0;0.0;0.0;0.0;0.0003936883877673144;0.0;0.0;0.0;0.0
HSM5MD7W;0.025279247501469725;0.0;0.0;0.041740152851263965;0.0;0.022339800117577895;0.0;0.0;0.0;0.0;0.0;0.0;0.0;0.0;0.0;0.0;0.0;0.0;0.0;0.0;0.0;0.058788947677836566;0.0;0.0;0.0;0.0;0.0;0.0;0.10170487948265726;0.0;0.0;0.0;0.0;0.0;0.0;0.0;0.0;0.0;0.0;0.0;0.0;0.0;0.025279247501469725;0.0;0.0;0.0;0.007642563198118754;0.328042328042328;0.0;0.0;0.0;0.38918283362727807;0.0;0.0;0.0;0.0;0.0;0.0;0.0;0.0;0.0;0.0;0.0;0.0
HSM5MD4C;0.10046265697290152;0.0;0.0;0.0;0.0;0.0;0.0;0.006609385327164574;0.0;0.0;0.0;0.0;0.0;0.005948446794448116;0.0;0.004626569729015202;0.03965631196298744;0.0;0.0;0.00991407799074686;0.0;0.16391275611368142;0.00991407799074686;0.02775941837409121;0.0;0.0;0.0;0.0;0.15730337078651685;0.0403172504957039;0.0;0.0;0.0;0.0;0.0;0.0;0.0;0.019167217448777262;0.0;0.0;0.0;0.027098479841374753;0.16391275611368142;0.0;0.0;0.0;0.0;0.0;0.0;0.0;0.0;0.1361533377395902;0.018506278916060808;0.0;0.0;0.0019828155981493722;0.0;0.0;0.0;0.0;0.0667547918043622;0.0;0.0;0.0
MSM5LLFK;0.32115448782115447;0.0;0.0;0.0017517517517517517;0.0;0.030113446780113448;0.0;0.0;0.0;0.0;0.0;0.0;0.0;0.0;0.0029195862529195864;0.0;0.0;0.0;0.0;0.0;0.0;0.09876543209876543;0.0;0.0001668335001668335;0.0;0.0;0.0;0.0;0.1698365031698365;0.0;0.0;0.0;0.0;0.0;0.0;0.0;0.0;0.0;0.0;0.0;0.0;0.0;0.09843176509843177;0.0;0.0;0.0;0.0;0.0;0.0;0.0;0.0;0.275025025025025;0.0;0.0;0.0;0.0;0.0;0.0;0.0018351685018351686;0.0;0.0;0.0;0.0;0.0
MSM5LLIC;0.07565479555304315;0.0;0.0;0.24853966459393254;0.0;0.00942151874882231;0.0004710759374411155;0.011494252873563218;0.0;0.0;0.0;0.0;0.0;0.0;0.0016016581872997928;0.0;0.0;0.0;0.0;0.000942151874882231;0.0;0.004428113811946486;0.0;0.0;0.0;0.0;0.0;0.0;0.2811381194648577;0.0;0.0;0.0;0.0;0.0;0.0;0.0;0.0;0.0;0.002920670812134916;0.00791407574901074;0.0;0.0;0.04597701149425287;0.0007537214999057848;0.0;0.0;0.0001884303749764462;0.0;0.0;0.0;0.013284341435839458;0.2817034105897871;0.0;0.0;0.0;0.0;0.0;0.0;0.0;0.0052760504993404934;0.006783493499152063;0.0015074429998115696;0.0;0.0
MSM5LLGJ;0.03773584905660377;0.0;0.0;0.0;0.0;0.39622641509433965;0.0;0.018867924528301886;0.0;0.0;0.0;0.0;0.0;0.0;0.0;0.0;0.0;0.0;0.0;0.0;0.0;0.0;0.0;0.0;0.0;0.0;0.0;0.0;0.1320754716981132;0.0;0.0;0.0;0.0;0.0;0.0;0.0;0.0;0.0;0.0;0.0;0.0;0.0;0.018867924528301886;0.0;0.0;0.0;0.0;0.0;0.0;0.0;0.0;0.39622641509433965;0.0;0.0;0.0;0.0;0.0;0.0;0.0;0.0;0.0;0.0;0.0;0.0
MSM5LLIK;0.1256179775280899;0.0;0.0;0.0;0.0;0.02943820224719101;0.0;0.0008988764044943821;0.0;0.0;0.0;0.0;0.0;0.0;0.0;0.0;0.0;0.0;0.0;0.009887640449438202;0.0;0.0;0.0;0.0;0.0;0.0;0.0;0.0;0.21056179775280898;0.0;0.0;0.0;0.0;0.0;0.0;0.0;0.0;0.0;0.006292134831460674;0.0;0.0;0.0;0.0;0.0;0.0;0.0;0.0020224719101123597;0.0;0.0;0.0;0.0;0.6152808988764045;0.0;0.0;0.0;0.0;0.0;0.0;0.0;0.0;0.0;0.0;0.0;0.0
HSM5MD3W;0.05630026809651475;0.0;0.0;0.002680965147453083;0.0;0.01876675603217158;0.0;0.0;0.0;0.0;0.0;0.0;0.0;0.0;0.002680965147453083;0.0;0.002680965147453083;0.0;0.0;0.05093833780160858;0.0;0.0;0.0;0.005361930294906166;0.0;0.0;0.0;0.0;0.19302949061662197;0.0;0.0;0.0;0.0;0.0;0.0;0.0;0.0;0.0;0.0;0.0;0.0;0.00804289544235925;0.0;0.0;0.0;0.0;0.005361930294906166;0.0160857908847185;0.0;0.0;0.05361930294906166;0.10187667560321716;0.0;0.0;0.0;0.0;0.0;0.0;0.0;0.02680965147453083;0.45576407506702415;0.0;0.0;0.0
MSM5LLGV;0.033401967513154884;0.0;0.0;0.023030580340120493;0.0;0.020285213147258445;0.0;0.0;0.0;0.0;0.0;0.0;0.0;0.0;0.0;0.0;0.0;0.0;0.0;0.0006100815984137879;0.0;0.0;0.0;0.0;0.0;0.0;0.0;0.0;0.07626019980172348;0.0;0.0;0.0;0.0;0.0;0.0;0.0;0.0;0.0;0.0;0.0;0.0;0.0;0.0004575611988103409;0.0;0.0;0.0;0.0008388621978189583;0.0;0.0;0.0;0.0;0.8451155342026996;0.0;0.0;0.0;0.0;0.0;0.0;0.0;0.0;0.0;0.0;0.0;0.0
MSM5LLFU;0.2632331902718169;0.0;0.0;0.0;0.0;0.1167381974248927;0.0;0.0;0.0;0.0;0.0;0.0;0.0;0.0;0.0;0.0;0.0;0.0;0.0;0.0;0.0;0.007439198855507869;0.0;0.0;0.0;0.0;0.0;0.0;0.31015736766809726;0.0;0.0;0.0;0.0;0.0;0.0;0.0;0.0;0.0;0.0;0.0;0.0;0.0;0.060085836909871244;0.0;0.0;0.0;0.0;0.0;0.0;0.0;0.0;0.24234620886981403;0.0;0.0;0.0;0.0;0.0;0.0;0.0;0.0;0.0;0.0;0.0;0.0
MSM5LLEN;0.11464058034732909;0.0;0.0;0.0019784568036931194;0.0;0.0034073422730270387;0.0008243570015387997;0.0005495713343591998;0.0;0.0;0.0;0.0;0.0;0.0;0.0;0.0;0.0;0.0;0.0;0.0;0.0;0.0;0.0;0.0;0.0;0.0;0.0;0.0009892284018465597;0.0632556605847439;0.0;0.0;0.0;0.0;0.0;0.0;0.0;0.0;0.0;0.0;0.0;0.0;0.0;0.010386898219388877;0.0;0.0;0.0;0.0003297428006155199;0.0;0.0;0.0;0.0;0.8036381622334579;0.0;0.0;0.0;0.0;0.0;0.0;0.0;0.0;0.0;0.0;0.0;0.0
HSM5FZBP;0.046742209631728045;0.0;0.0;0.0339943342776204;0.0;0.036827195467422094;0.0;0.0;0.0;0.0;0.0;0.0;0.0;0.0;0.0;0.0;0.0;0.0;0.0;0.0;0.0;0.3286118980169972;0.0;0.0;0.0;0.0;0.0;0.0;0.03541076487252125;0.0;0.0;0.0;0.0;0.0;0.0;0.0;0.0;0.0;0.0;0.0;0.0;0.0;0.0;0.0;0.0;0.0;0.025495750708215296;0.37960339943342775;0.0;0.0;0.0;0.11331444759206799;0.0;0.0;0.0;0.0;0.0;0.0;0.0;0.0;0.0;0.0;0.0;0.0
MSM5LLD8;0.005471380471380472;0.0;0.0;0.036616161616161616;0.0;0.08838383838383838;0.0;0.004629629629629629;0.0;0.0;0.0;0.0;0.0;0.0;0.0;0.0;0.0016835016835016834;0.0;0.0;0.0;0.0;0.007154882154882155;0.0;0.0;0.0;0.0;0.0;0.0;0.05260942760942761;0.0;0.0;0.0;0.0;0.0;0.0;0.0;0.0;0.0;0.0;0.031144781144781145;0.0;0.0;0.0;0.0;0.0;0.0;0.01936026936026936;0.0;0.0;0.0;0.0;0.7424242424242424;0.0;0.0;0.0;0.0;0.0;0.0;0.0;0.0;0.010521885521885523;0.0;0.0;0.0
MSM5LLIM;0.0;0.0;0.0;0.0;0.0;0.6153846153846154;0.0;0.0;0.0;0.0;0.0;0.0;0.0;0.0;0.0;0.0;0.0;0.0;0.0;0.0;0.0;0.0;0.0;0.0;0.0;0.0;0.0;0.0;0.07692307692307693;0.0;0.0;0.0;0.0;0.0;0.0;0.0;0.0;0.0;0.0;0.0;0.0;0.0;0.0;0.0;0.0;0.0;0.0;0.0;0.0;0.0;0.0;0.3076923076923077;0.0;0.0;0.0;0.0;0.0;0.0;0.0;0.0;0.0;0.0;0.0;0.0
MSM633FF;0.020096762188314105;0.0;0.0;0.020655005582433942;0.0;0.49553405284704133;0.0;0.00148864905098623;0.00018608113137327876;0.0;0.0;0.0;0.0005582433941198362;0.00018608113137327876;0.0070710829921845925;0.0;0.004279866021585412;0.0003721622627465575;0.0003721622627465575;0.0031633792333457386;0.0003721622627465575;0.00297729810197246;0.0;0.02232973576479345;0.00018608113137327876;0.0;0.0;0.0003721622627465575;0.15128395980647563;0.007815407517677708;0.0;0.0;0.0;0.00018608113137327876;0.0;0.0;0.0;0.0003721622627465575;0.0;0.13583922590249348;0.0;0.0;0.0;0.0;0.0003721622627465575;0.0;0.0013025679196129512;0.00148864905098623;0.00018608113137327876;0.00148864905098623;0.0027912169705991813;0.07592110160029773;0.008001488649050986;0.00018608113137327876;0.0;0.0;0.000744324525493115;0.0;0.0005582433941198362;0.01042054335690361;0.02084108671380722;0.0;0.0;0.0
CSM5FZ4O;0.0;0.0;0.0;0.04336224149432955;0.0;0.40226817878585724;0.0;0.0;0.0;0.0;0.0;0.0;0.0;0.0;0.0;0.0;0.0;0.0;0.0;0.0;0.0;0.2028018679119413;0.0;0.00266844563042028;0.0;0.0;0.0;0.0;0.06404269513008673;0.0;0.0;0.0;0.0;0.0;0.0;0.0;0.0;0.0;0.0;0.0;0.0;0.0;0.0;0.0;0.0;0.0;0.02268178785857238;0.0;0.0;0.0;0.0;0.2621747831887925;0.0;0.0;0.0;0.0;0.0;0.0;0.0;0.0;0.0;0.0;0.0;0.0
HSM5MD7Z;0.008968609865470852;0.0;0.0;0.008968609865470852;0.0;0.6860986547085202;0.0;0.013452914798206279;0.0;0.0;0.0;0.0;0.0;0.0;0.0;0.0;0.0;0.0;0.0;0.0;0.0;0.008968609865470852;0.0;0.0;0.0;0.0;0.0;0.0;0.03587443946188341;0.0;0.0;0.0;0.0;0.0;0.0;0.0;0.0;0.0;0.0;0.0;0.0;0.0;0.008968609865470852;0.0;0.0;0.0;0.008968609865470852;0.0;0.0;0.0;0.03587443946188341;0.17937219730941703;0.0;0.0;0.0;0.0;0.0;0.0;0.0;0.004484304932735426;0.0;0.0;0.0;0.0
CSM5MCVB;0.0023011844331641287;0.0;0.0;0.08602368866328257;0.0;0.0394585448392555;0.0;0.00027072758037225043;0.0;0.0;0.0;0.0;0.0;0.0;0.0;0.0;0.0;0.0;0.0;0.0;0.0;0.85082910321489;0.0;0.0;0.0;0.0;0.0;0.0;0.00521150592216582;0.0;0.0;0.0;0.0;0.0;0.0;0.0;0.0;0.0;0.0;0.0;0.0;0.0;0.0005414551607445009;0.0;0.0;0.0;0.00033840947546531303;0.0;0.0;0.0;0.0;0.015025380710659899;0.0;0.0;0.0;0.0;0.0;0.0;0.0;0.0;0.0;0.0;0.0;0.0
CSM5FZ46;0.06591218694330923;0.0;0.0;0.7659017080582626;0.0;0.055118935345279264;0.0;0.0;0.0;0.0;0.0;0.0;0.0;0.0;0.0;0.0;0.0;0.0;0.0;0.0;0.0;0.10814209368123232;0.0;0.0;0.0;0.0;0.0;0.0;0.004925075971916588;0.0;0.0;0.0;0.0;0.0;0.0;0.0;0.0;0.0;0.0;0.0;0.0;0.0;0.0;0.0;0.0;0.0;0.0;0.0;0.0;0.0;0.0;0.0;0.0;0.0;0.0;0.0;0.0;0.0;0.0;0.0;0.0;0.0;0.0;0.0
MSM5LLIQ;0.09951983537212758;0.0;0.0;0.07711215273808163;0.0;0.018577798102206472;0.0;0.00028581227849548414;0.0;0.0;0.0;0.0;0.0;0.0;0.16394192294500973;0.0;0.0;0.0;0.0;0.000342974734194581;0.0;0.08791585686521093;0.0;0.0005144621012918715;0.0;0.0;0.0;0.0;0.388418886475363;0.0;0.0001714873670972905;0.0;0.0;0.0;0.0;0.0;0.0;0.0;0.0;0.0;0.0;0.0;0.018577798102206472;0.0;0.0;0.00028581227849548414;0.0;0.0;0.0;0.0;0.0;0.09237452840974049;0.0;0.0;0.0;0.0;0.0;0.0;0.051960672230479024;0.0;0.0;0.0;0.0;0.0
MSM5FZ8Y;0.08681207004377736;0.0;0.0;0.0;0.0;0.00011726078799249531;0.0;0.0;0.0;0.0;0.0011726078799249532;0.0;0.0;0.0;0.015986554096310193;0.0;0.0;0.0;0.0;0.0;0.0;0.1690509693558474;0.0;0.0;0.0;0.0;0.0;0.0;0.4203408380237649;0.0;0.0;0.0;0.0;0.0;0.0;0.0;0.0;0.0;0.0;0.0;0.0;0.0;0.01700281425891182;0.0;0.0;0.00042995622263914947;0.0;0.010944340212632896;0.0;0.0;0.0;0.12249843652282677;0.0;0.0;0.0;0.0;0.0;0.0;0.0005863039399624766;0.0;0.15505784865540964;0.0;0.0;0.0
ESM5MEDZ;0.0280327868852459;0.0;0.0;0.026721311475409838;0.0;0.019262295081967213;0.0;0.0;0.0;0.0;0.0;0.0;0.0;0.0;0.0;0.0;0.0;0.0;0.0;0.0;0.0;0.0;0.0;0.0;0.0;0.0;0.0;0.0;0.0919672131147541;0.0;0.0;0.0;0.0;0.0;0.0;0.0;0.0;0.0014754098360655738;0.0;0.0;0.0;0.0;0.03360655737704918;0.0;0.0;0.0;0.001557377049180328;0.0;0.0;0.0;0.0;0.7973770491803279;0.0;0.0;0.0;0.0;0.0;0.0;0.0;0.0;0.0;0.0;0.0;0.0
MSM5LLIE;0.025661680092059838;0.0;0.0;0.20759493670886076;0.0;0.055466052934407366;0.003912543153049482;0.0;0.0;0.0;0.0;0.0;0.0;0.0;0.0005753739930955121;0.0;0.0;0.0;0.0;0.0018411967779056386;0.0;0.0;0.0;0.0;0.0;0.0;0.0;0.0;0.12313003452243959;0.0;0.0;0.0;0.0;0.0;0.0;0.0;0.0;0.0;0.002991944764096663;0.0;0.0;0.0;0.0010356731875719217;0.0;0.0;0.0;0.004487917146144995;0.0;0.0;0.0;0.0014959723820483315;0.5718066743383199;0.0;0.0;0.0;0.0;0.0;0.0;0.0;0.0;0.0;0.0;0.0;0.0
CSM5MCVD;0.047619047619047616;0.0;0.0;0.0;0.0;0.8571428571428571;0.0;0.0;0.0;0.0;0.0;0.0;0.0;0.0;0.0;0.0;0.0;0.0;0.0;0.0;0.0;0.0;0.0;0.0;0.0;0.0;0.0;0.0;0.047619047619047616;0.0;0.0;0.0;0.0;0.0;0.0;0.0;0.0;0.0;0.0;0.0;0.0;0.0;0.0;0.0;0.0;0.0;0.0;0.047619047619047616;0.0;0.0;0.0;0.0;0.0;0.0;0.0;0.0;0.0;0.0;0.0;0.0;0.0;0.0;0.0;0.0
CSM5FZ4G;0.008459640465280225;0.0;0.0;0.0;0.0;0.011514510633298084;0.0;0.0;0.0;0.0;0.0;0.0;0.0;0.0;0.0;0.0;0.0;0.0;0.0;0.0;0.0;0.0;0.0;0.0;0.0;0.0;0.0;0.0;0.01268946069792034;0.0;0.0;0.0;0.0;0.0;0.0;0.0;0.0;0.0;0.0;0.0;0.0;0.0;0.0;0.0;0.0;0.0;0.0;0.0;0.0;0.0;0.0;0.9673363882035013;0.0;0.0;0.0;0.0;0.0;0.0;0.0;0.0;0.0;0.0;0.0;0.0
MSM5LLHZ;0.0017595307917888563;0.0;0.0;0.046041055718475075;0.0;0.5266862170087977;0.0;0.00249266862170088;0.0;0.0;0.0;0.0;0.0;0.0001466275659824047;0.0007331378299120235;0.0;0.0004398826979472141;0.0;0.0;0.0005865102639296188;0.0;0.0005865102639296188;0.0;0.0032258064516129032;0.0;0.0;0.0;0.0;0.024926686217008796;0.0;0.0;0.0;0.0;0.0;0.0;0.0;0.0;0.0001466275659824047;0.0002932551319648094;0.0;0.0;0.0016129032258064516;0.0;0.0;0.0;0.0;0.038856304985337244;0.03563049853372434;0.0;0.0;0.031378299120234605;0.2818181818181818;0.0;0.0;0.0;0.0;0.0001466275659824047;0.0;0.0;0.0021994134897360706;0.0002932551319648094;0.0;0.0;0.0
HSM5MD47;0.0;0.0;0.0;0.0;0.0;0.0;0.0;0.0;0.0;0.0;0.0;0.0;0.0;0.0;0.0;0.0;0.0;0.0;0.0;0.0;0.0;0.0;0.0;0.0;0.0;0.0;0.0;0.0;0.0;0.0;0.0;0.0;0.0;0.0;0.0;0.0;0.0;0.0;0.0;0.0;0.0;0.0;0.0;0.0;0.0;0.0;0.0;0.0;0.0;0.0;0.0;1.0;0.0;0.0;0.0;0.0;0.0;0.0;0.0;0.0;0.0;0.0;0.0;0.0
CSM5MCUI;0.00405457235219988;0.0;0.0;0.031011999342501782;0.0;0.009478932661224043;0.02251931401019122;0.0009862473289134841;0.0;0.0;0.0;0.0;0.0;0.0;0.002575201358829653;0.0;0.0;0.0;0.0;0.0;0.0;0.0007670812558215988;0.0;0.0;0.0;0.0;0.0;0.0;0.13675962960933646;0.0005479151827297135;0.0;0.0;0.0;0.0;0.0;0.0;0.0;0.0;0.0;0.00027395759136485673;0.0;0.08657059887129473;0.003013533505013424;0.0;0.0;0.0;0.0006574982192756561;0.011287052764232097;0.0;0.0;0.00016437455481891402;0.688345844063339;0.0;0.0;0.0;0.0;0.0;0.0;0.0009862473289134841;0.0;0.0;0.0;0.0;0.0
CSM5FZ44;0.008403361344537815;0.0;0.0;0.10084033613445378;0.0;0.8151260504201681;0.0;0.0;0.0;0.0;0.0;0.0;0.0;0.0;0.0;0.0;0.0;0.0;0.0;0.0;0.0;0.0;0.0;0.0;0.0;0.0;0.0;0.0;0.04201680672268908;0.0;0.0;0.0;0.0;0.0;0.0;0.0;0.0;0.0;0.0;0.0;0.0;0.0;0.0;0.0;0.0;0.0;0.0;0.0;0.0;0.0;0.0;0.025210084033613446;0.0;0.0;0.0;0.0;0.0;0.0;0.0;0.008403361344537815;0.0;0.0;0.0;0.0
MSM5LLIO;0.05311491685281708;0.0;0.0;0.0;0.0;0.005026061057334326;0.00012410027302060066;0.0011789525936957061;0.0;0.0;0.0;0.0;0.0;0.0;0.0;0.0;0.0;0.0;0.0;0.0;0.0;0.0002482005460412013;0.0;0.0;0.0;0.0;0.0;0.0;0.05255646562422437;0.0;0.0;0.0;0.0;0.0;0.0;0.0;0.0;0.0;0.0027922561429635146;0.0;0.0;0.0;0.0002482005460412013;0.0;0.0;0.0;0.0008687019111442045;0.0;0.0;0.0;0.0008066517746339042;0.8830354926780839;0.0;0.0;0.0;0.0;0.0;0.0;0.0;0.0;0.0;0.0;0.0;0.0
ESM5MEBL;0.006212872636110959;0.0;0.0;0.0016349664831870946;0.0;0.015968172652460623;0.0;0.0;0.0;0.0;0.0;0.0;0.0;0.0;0.0;0.0;0.0;0.0;0.0;0.0;0.0;0.22867731211510164;0.0;0.0;0.0;0.0;0.0;0.0;0.029429396697367705;0.0;0.0;0.0;0.0;0.0;0.0;0.0;0.0;0.00027249441386451576;0.0;0.0;0.0;0.0;0.1725979617417843;0.0;0.0;0.0;0.005231892746198703;0.0;0.0;0.0;0.00016349664831870946;0.539102948389558;0.0;0.0;0.0;0.0;0.0;0.0;0.0007084854760477411;0.0;0.0;0.0;0.0;0.0
MSM5LLHK;0.08827026362182773;0.0;0.0;0.15062933049075478;0.0;0.004878848755688574;0.000368988561354598;8.199745807879956e-05;0.0;0.0;0.0;0.0;0.0;0.00045098601943339755;0.0012299618711819934;0.0;0.000368988561354598;0.0;0.0;0.024681234881718667;0.0;0.005739822065515969;0.0;0.0;0.0;0.0;0.0;0.0;0.18892214341355418;0.0;0.0;0.0;0.0;0.0;0.0;0.0;0.0;0.0;0.0;0.0025009224714033864;0.0;0.0;0.0;0.0;0.0;0.0;0.00028699110327579845;0.0;0.0;0.0;0.002418925013324587;0.48558894674265096;0.0;0.0;0.0;0.0;0.0;0.0;0.0;0.0;0.04030175064572998;0.0032798983231519824;0.0;0.0
CSM5MCU4;0.1935483870967742;0.0;0.0;0.28993855606758834;0.0;0.08026113671274962;0.009600614439324117;0.0;0.0;0.0;0.0;0.0;0.0;0.0;0.006528417818740399;0.0;0.0;0.0;0.0;0.0;0.0;0.0;0.0;0.0;0.0;0.0;0.0;0.0;0.18663594470046083;0.0;0.0;0.0;0.0;0.0;0.0;0.0;0.0;0.0;0.0;0.0;0.0;0.0;0.0;0.0;0.0;0.0;0.0;0.0;0.0;0.0;0.008832565284178187;0.22465437788018433;0.0;0.0;0.0;0.0;0.0;0.0;0.0;0.0;0.0;0.0;0.0;0.0
CSM5MCVV;0.08887024181859791;0.0;0.0;0.009154016324662445;0.0;0.05088107407124876;0.0;0.0;0.0;0.0;0.0;0.0;0.0;0.00022885040811656114;0.00747577999847433;0.0;0.0;0.0;0.0;0.0;0.0;0.6516133953772217;0.0;0.0;0.0;0.0;0.0;0.0;0.0971851399801663;0.0;0.0;0.0;0.0;0.0;0.0;0.0;0.0;0.0;0.0;0.0;0.0;0.0;0.0004577008162331223;0.0;0.0;0.0;0.0;0.0;0.0;0.0;0.0;0.07086734304676176;0.0;0.0;0.0;0.0;0.0;0.0;0.0012968189793271798;0.0;0.02196963917918987;0.0;0.0;0.0
MSM5LLH6;0.0;0.0;0.0;0.0;0.0;0.0;0.0;0.0;0.0;0.0;0.0;0.0;0.0;0.0;0.0;0.0;0.0;0.0;0.0;0.0;0.0;0.0;0.0;0.0;0.0;0.0;0.0;0.0;0.0;0.0;0.0;0.0;0.0;0.0;0.0;0.0;0.0;0.0;0.0;0.0;0.0;0.0;0.0;0.0;0.0;0.0;0.0;1.0;0.0;0.0;0.0;0.0;0.0;0.0;0.0;0.0;0.0;0.0;0.0;0.0;0.0;0.0;0.0;0.0
MSM5LLGD;0.0;0.0;0.0;0.0;0.0;1.0;0.0;0.0;0.0;0.0;0.0;0.0;0.0;0.0;0.0;0.0;0.0;0.0;0.0;0.0;0.0;0.0;0.0;0.0;0.0;0.0;0.0;0.0;0.0;0.0;0.0;0.0;0.0;0.0;0.0;0.0;0.0;0.0;0.0;0.0;0.0;0.0;0.0;0.0;0.0;0.0;0.0;0.0;0.0;0.0;0.0;0.0;0.0;0.0;0.0;0.0;0.0;0.0;0.0;0.0;0.0;0.0;0.0;0.0
MSM5FZA2;0.044407039020658;0.0;0.0;0.0;0.0;0.0;0.0;0.0;0.0;0.0;0.0008569242540168324;0.0;0.0;0.0;0.017383320581484316;0.0;0.0;0.0;0.0;0.0;0.0;0.11724560061208875;0.0;6.120887528691661e-05;0.0;0.0;0.0;0.0;0.5363733741392502;0.0;0.0;6.120887528691661e-05;0.0;0.0;0.0;0.0;0.0;0.0;0.0;0.0;0.0;0.0;0.02127008416220352;0.0;0.0;0.0;0.0;0.00973221117061974;0.0;0.0;0.09022188217291507;0.14974751338944148;0.0;0.0;0.0;0.0;0.0;0.0;0.0013465952563121652;0.0;0.011293037490436112;0.0;0.0;0.0
MSM5LLE9;0.25;0.0;0.0;0.0;0.0;0.0;0.0;0.0;0.0;0.0;0.0;0.0;0.0;0.0;0.0;0.0;0.0;0.0;0.0;0.0;0.0;0.0;0.0;0.0;0.0;0.0;0.0;0.0;0.25;0.0;0.0;0.0;0.0;0.0;0.0;0.0;0.0;0.0;0.0;0.0;0.0;0.0;0.0;0.0;0.0;0.0;0.0;0.0;0.0;0.0;0.0;0.5;0.0;0.0;0.0;0.0;0.0;0.0;0.0;0.0;0.0;0.0;0.0;0.0
ESM5MEEC;0.008595988538681949;0.0;0.0;0.0;0.0;0.4813753581661891;0.011461318051575931;0.0;0.0;0.0;0.0;0.0;0.0;0.0028653295128939827;0.0;0.0;0.0;0.0;0.0;0.0;0.0;0.0;0.0;0.0057306590257879654;0.0;0.0;0.0;0.0;0.034383954154727794;0.0;0.0;0.0;0.0;0.0;0.0;0.0;0.0;0.0;0.0028653295128939827;0.0028653295128939827;0.0;0.0;0.011461318051575931;0.0;0.0;0.0;0.008595988538681949;0.0028653295128939827;0.0;0.0;0.16905444126074498;0.21203438395415472;0.0;0.0;0.0;0.0;0.03151862464183381;0.0;0.0;0.014326647564469915;0.0;0.0;0.0;0.0
HSM5MD4B;0.0;0.0;0.0;0.0;0.0;1.0;0.0;0.0;0.0;0.0;0.0;0.0;0.0;0.0;0.0;0.0;0.0;0.0;0.0;0.0;0.0;0.0;0.0;0.0;0.0;0.0;0.0;0.0;0.0;0.0;0.0;0.0;0.0;0.0;0.0;0.0;0.0;0.0;0.0;0.0;0.0;0.0;0.0;0.0;0.0;0.0;0.0;0.0;0.0;0.0;0.0;0.0;0.0;0.0;0.0;0.0;0.0;0.0;0.0;0.0;0.0;0.0;0.0;0.0
CSM5MCV3;0.029603223806571606;0.0;0.0;0.29184748915065095;0.0;0.07191568505889646;0.0;0.0;0.0;0.0;0.0;0.0;0.0;0.0;0.015809051456912585;0.0;0.0;0.0;0.0;0.00030998140111593303;0.0;0.5362678239305642;0.0;0.0;0.0;0.0;0.0;0.0;0.04618722876627402;0.0;0.0;0.0;0.0;0.0;0.0;0.0;0.0;0.0;0.0;0.0;0.0;0.0;0.0020148791072535648;0.0;0.0;0.0;0.0;0.0;0.0;0.0;0.0;0.006044637321760695;0.0;0.0;0.0;0.0;0.0;0.0;0.0;0.0;0.0;0.0;0.0;0.0
ESM5MEA7;0.0031037534894126115;9.726585676629932e-07;3.890634270651973e-06;0.0;9.726585676629932e-07;0.28307963155693455;0.0;0.00032486796159943973;9.726585676629932e-07;9.726585676629932e-07;0.000579704506327144;2.9179757029889796e-06;2.042582992092286e-05;4.571495268016068e-05;0.001304335139236074;9.726585676629932e-07;0.0002305200805361294;7.781268541303946e-06;0.0;0.00019842234780325063;0.0;0.14317728647712794;0.0;0.011427765511472508;0.0;0.1251266887784381;9.726585676629932e-06;0.0;0.07923763021466575;0.0007324119014502339;9.726585676629932e-07;0.0008530215638404451;0.0;0.0;5.4468879789127626e-05;3.890634270651973e-06;4.863292838314966e-06;0.00034237581581737363;0.0002295474219684664;2.3343805623911837e-05;0.0;0.0;0.0387993502640768;5.8359514059779595e-05;1.556253708260789e-05;9.726585676629932e-07;0.0001585433465290679;9.532053963097334e-05;9.726585676629932e-07;0.0;0.001576679538181712;0.23563626460203674;0.0;0.0;0.0;1.9453171353259864e-05;0.002065926797716198;1.3617219947281906e-05;0.002049391602065927;0.06937292702142767;0.0;0.0;9.726585676629932e-07;4.863292838314966e-06
MSM5LLGX;0.020914345769837098;0.0;0.0;0.017761429322122962;0.0;0.0441408302679979;0.0;0.0;0.0;0.0;0.0;0.0;0.0;0.0;0.0014713610089332632;0.0;0.0;0.0;0.0;0.0;0.0;0.0;0.0;0.0;0.0;0.0;0.0;0.0;0.09322122963741461;0.0;0.0;0.0;0.0;0.0;0.0;0.0;0.0;0.0;0.0;0.0;0.0;0.0;0.0016815554387808723;0.0;0.0;0.0;0.0018917498686284813;0.0;0.0;0.0;0.0;0.8189174986862848;0.0;0.0;0.0;0.0;0.0;0.0;0.0;0.0;0.0;0.0;0.0;0.0
HSM5MD5H;0.061717044017928976;0.0;0.0;0.2806573957016435;0.0;0.008964486840593035;0.0;0.005171819331111367;0.0;0.0;0.0;0.0;0.0;0.0;0.0;0.0;0.0;0.0;0.0;0.00034478795540742444;0.0;0.05252269854039766;0.0;0.0;0.0;0.0;0.0;0.0;0.07240547063555913;0.0;0.0;0.0;0.0;0.0;0.0;0.0;0.0;0.0;0.0;0.0;0.0;0.0;0.014596023445580968;0.0;0.0;0.0;0.002413515687851971;0.016090104585679808;0.0;0.0;0.0;0.48511665325824616;0.0;0.0;0.0;0.0;0.0;0.0;0.0;0.0;0.0;0.0;0.0;0.0
CSM5MCW8;0.0;0.0;0.0;0.0;0.0;0.0;0.0;0.0027347310847766638;0.0;0.0;0.0;0.0;0.0;0.0;0.0;0.0;0.0;0.0;0.0;0.0;0.0;0.6880887268307505;0.0;0.0;0.0;0.0;0.0;0.0;0.29246429656639317;0.0;0.0;0.0;0.0;0.0;0.0;0.0;0.0;0.0;0.0;0.0;0.0;0.0;0.0015952597994530538;0.0;0.0;0.0;0.0;0.0;0.0;0.0;0.0;0.010103312063202674;0.0;0.0;0.0;0.0;0.0;0.0;0.0;0.005013673655423883;0.0;0.0;0.0;0.0
HSM5MD86;0.01964683523592564;0.0;0.0;0.0010068845732697318;0.0;2.5172114331743294e-05;0.0;0.0;0.0;0.0;0.000427925943639636;0.0;0.0;0.0;7.551634299522989e-05;0.0;0.0;0.0;0.0;0.0;0.0;0.8727927202245352;0.0;0.0;0.0;0.0;0.0;0.0;0.0015480850314022127;0.0;0.0;0.0;0.0;0.0;0.0;0.0;0.0;0.0;0.0;0.0;0.0;0.0;0.0966357469195625;0.0;0.0;0.0;0.0;0.0;0.0;0.0;0.0;0.007841113614338036;0.0;0.0;0.0;0.0;0.0;0.0;0.0;0.0;0.0;0.0;0.0;0.0
HSM5MD4R;0.029624404866866513;0.0;0.0;0.02856639040733557;0.0;0.1207899841297831;0.0;0.0;0.0;0.0;0.0;0.0;0.0;0.0;0.0;0.0;0.0;0.0;0.0;0.0;0.0;0.0017633574325515782;0.0;0.0;0.0;0.0;0.0;0.0;0.13066478575207194;0.0;0.0;0.0;0.0;0.0;0.0;0.0;0.0;0.0;0.0;0.0;0.0;0.0;0.02839005466408041;0.0;0.0;0.0;0.011638159054840416;0.0;0.0;0.0;0.02856639040733557;0.6199964732851349;0.0;0.0;0.0;0.0;0.0;0.0;0.0;0.0;0.0;0.0;0.0;0.0
MSM5LLHG;0.0;0.0;0.0;0.0;0.0;0.0;0.0;0.0;0.0;0.0;0.0;0.0;0.0;0.0;0.0;0.0;0.0;0.0;0.0;0.0;0.0;0.0;0.0;0.0;0.0;0.0;0.0;0.0;0.0;0.0;0.0;0.0;0.0;0.0;0.0;0.0;0.0;0.0;0.0;0.0;0.0;0.0;0.0;0.0;0.0;0.0;0.0;0.0;0.0;0.0;0.0;1.0;0.0;0.0;0.0;0.0;0.0;0.0;0.0;0.0;0.0;0.0;0.0;0.0
CSM5FZ48;0.0;0.0;0.0;0.0;0.0;1.0;0.0;0.0;0.0;0.0;0.0;0.0;0.0;0.0;0.0;0.0;0.0;0.0;0.0;0.0;0.0;0.0;0.0;0.0;0.0;0.0;0.0;0.0;0.0;0.0;0.0;0.0;0.0;0.0;0.0;0.0;0.0;0.0;0.0;0.0;0.0;0.0;0.0;0.0;0.0;0.0;0.0;0.0;0.0;0.0;0.0;0.0;0.0;0.0;0.0;0.0;0.0;0.0;0.0;0.0;0.0;0.0;0.0;0.0
ESM5MEET;0.036887954340642834;0.0;0.0;0.021988585160708923;0.0;0.0033042955842595375;0.0;0.024752177831180534;0.0;0.0;0.0;0.0;0.0;0.0;0.0022829678582156803;0.0;0.0;0.0;0.0;0.0;0.0;0.19633523580654852;0.0008410934214478822;0.0;0.0;0.0;0.0;0.0;0.1363172123760889;0.0;0.0;0.0;0.0;0.0;0.0;0.0;0.0;0.0;0.0;0.0;0.0;0.0;0.2678281766296185;0.0;0.0;0.002463202162811655;0.00030039050765995795;0.0007810153199158907;0.0;0.0;0.0;0.2850105136677681;0.0;0.0;0.0;0.0;0.00018023430459597475;0.0;0.0007810153199158907;0.0;0.019945929708621208;0.0;0.0;0.0
ESM5MEEG;0.019261353596041704;0.0;0.0;0.6315603463509454;0.0;0.05955115744831242;0.0;0.012369676621311186;0.0;0.0;0.0;0.0;0.0;0.0;0.0;0.0;0.0;0.0;0.0;0.0;0.0;0.05336631913765683;0.0019438063262060435;0.0;0.0;0.0;0.0;0.0;0.15939211874889556;0.0;0.0;0.0;0.0;0.0;0.0;0.0;0.0;0.0;0.0;0.0;0.0;0.0;0.004771160982505743;0.0;0.0;0.0;0.00865877363491783;0.0;0.0;0.0;0.0;0.049125287153207284;0.0;0.0;0.0;0.0;0.0;0.0;0.0;0.0;0.0;0.0;0.0;0.0
MSM5LLGH;0.0;0.0;0.0;0.0;0.0;0.0;0.0;1.0;0.0;0.0;0.0;0.0;0.0;0.0;0.0;0.0;0.0;0.0;0.0;0.0;0.0;0.0;0.0;0.0;0.0;0.0;0.0;0.0;0.0;0.0;0.0;0.0;0.0;0.0;0.0;0.0;0.0;0.0;0.0;0.0;0.0;0.0;0.0;0.0;0.0;0.0;0.0;0.0;0.0;0.0;0.0;0.0;0.0;0.0;0.0;0.0;0.0;0.0;0.0;0.0;0.0;0.0;0.0;0.0
MSM5FZ9Z;0.025108928439553948;0.0;0.0;0.0008123476848090983;0.0;0.0;0.0;0.0;0.0;0.0;0.0025847426334834945;0.0;0.0;0.0;0.00465253674027029;0.0;0.0;0.0;0.0;0.0;0.0;0.12465844472343254;0.0;0.0;0.0;0.0;0.0;0.0;0.3635625138468355;0.0;0.0;0.0;0.0;0.0;0.0;0.0;0.0;0.0;0.0;0.0;0.0;0.0;0.006203382320360387;0.0;0.0;0.0;0.0;0.0;0.0;0.0;0.020604091278339856;0.21999852300420944;0.0;0.0;0.0;0.0;0.0;0.0;0.0;0.0;0.2318144893287054;0.0;0.0;0.0
CSM5MCVH;0.030663780663780664;0.0;0.0;0.0;0.0;0.00021645021645021645;0.0;0.0006493506493506494;0.0;0.0;0.0;0.0;0.0;0.0;0.00036075036075036075;0.0;0.0;0.0;0.0;0.0;0.0;0.5397546897546898;0.0;0.0;0.0;0.0;0.0;0.0;0.20551948051948052;0.0;0.0;0.0;0.0;0.0;0.0;0.0;0.0;0.0;0.0;0.0;0.0;0.0;0.18748196248196247;0.0;0.0;0.0;0.0;0.0;0.0;0.0;0.0;0.033513708513708516;0.0;0.0;0.0;0.0;0.0;0.0;0.0;0.00183982683982684;0.0;0.0;0.0;0.0
MSM5LLHM;0.0;0.0;0.0;0.0;0.0;0.0;0.0;0.0;0.0;0.0;0.0;0.0;0.0;0.0;0.0;0.0;0.0;0.0;0.0;0.0;0.0;0.0;0.0;0.0;0.0;0.0;0.0;0.0;0.0;0.0;0.0;0.0;0.0;0.0;0.0;0.0;0.0;0.0;0.0;0.7;0.0;0.0;0.0;0.0;0.0;0.0;0.0;0.0;0.3;0.0;0.0;0.0;0.0;0.0;0.0;0.0;0.0;0.0;0.0;0.0;0.0;0.0;0.0;0.0
HSM5MD87;0.0;0.0;0.0;0.0;0.0;0.0;0.0;0.0;0.0;0.0;0.0;0.0;0.0;0.0;0.0;0.0;0.0;0.0;0.0;0.0;0.0;0.0;0.0;0.0;0.0;0.0;0.0;0.0;0.0;0.0;0.0;0.0;0.0;0.0;0.0;0.0;0.0;0.0;0.0;0.0;0.0;0.0;0.0;0.0;0.0;0.0;0.0;0.0;0.0;0.0;0.0;1.0;0.0;0.0;0.0;0.0;0.0;0.0;0.0;0.0;0.0;0.0;0.0;0.0
CSM5MCV1;0.0;0.0;0.0;0.029545454545454545;0.0;0.7454545454545455;0.0;0.0;0.0;0.0;0.0;0.0;0.0;0.0;0.0;0.0;0.0;0.0;0.0;0.0;0.0;0.19090909090909092;0.0;0.0;0.0;0.0;0.0;0.0;0.03409090909090909;0.0;0.0;0.0;0.0;0.0;0.0;0.0;0.0;0.0;0.0;0.0;0.0;0.0;0.0;0.0;0.0;0.0;0.0;0.0;0.0;0.0;0.0;0.0;0.0;0.0;0.0;0.0;0.0;0.0;0.0;0.0;0.0;0.0;0.0;0.0
CSM5YRY7;0.10835913312693499;0.0;0.0;0.0;0.0;0.6904024767801857;0.0;0.0;0.0;0.0;0.0;0.0;0.0;0.0;0.0;0.0;0.0;0.0;0.0;0.0;0.0;0.02786377708978328;0.0;0.0;0.0;0.0;0.0;0.0;0.06811145510835913;0.0;0.0;0.0;0.0;0.0;0.0;0.0;0.0;0.0;0.0;0.0;0.0;0.0;0.0;0.0;0.0;0.0;0.0;0.0;0.0;0.0;0.0;0.06811145510835913;0.0;0.0;0.0;0.0;0.0;0.0;0.0;0.0;0.03715170278637771;0.0;0.0;0.0
ESM5MEE6;0.08163265306122448;0.0;0.0;0.04081632653061224;0.0;0.5306122448979592;0.0;0.0;0.0;0.0;0.0;0.0;0.0;0.0;0.0;0.0;0.0;0.0;0.0;0.02040816326530612;0.0;0.0;0.0;0.0;0.0;0.0;0.0;0.0;0.061224489795918366;0.0;0.0;0.0;0.0;0.0;0.0;0.0;0.0;0.0;0.0;0.0;0.0;0.0;0.0;0.0;0.0;0.0;0.0;0.0;0.0;0.0;0.0;0.24489795918367346;0.0;0.0;0.0;0.0;0.0;0.0;0.0;0.02040816326530612;0.0;0.0;0.0;0.0
CSM5FZ3Z;0.16134667301889788;0.0;0.0;0.6407813244402096;0.0;0.08623153882801333;0.0;0.0;0.0;0.0;0.0;0.0;0.0;0.0;0.0;0.0;0.0;0.0;0.0;0.0;0.0;0.10322375734476735;0.0;0.0;0.0;0.0;0.0;0.0;0.0084167063681118;0.0;0.0;0.0;0.0;0.0;0.0;0.0;0.0;0.0;0.0;0.0;0.0;0.0;0.0;0.0;0.0;0.0;0.0;0.0;0.0;0.0;0.0;0.0;0.0;0.0;0.0;0.0;0.0;0.0;0.0;0.0;0.0;0.0;0.0;0.0
MSM5FZ9N;0.06298151666954568;0.0;0.0;0.32883054068060114;0.0;0.0;0.0;0.0;0.0;0.0;0.0;0.0;0.0;0.0;0.007065123510105372;0.0;0.0;0.0;0.0;0.0;0.0;0.271687683537744;0.0;3.4548281223009156e-05;0.0;0.0;0.0;0.0;0.025600276386249784;0.0;0.0;0.0;0.0;0.0;0.0;0.0;0.0;0.0;0.0;0.0;0.0;0.0;0.027897737087579894;0.0;0.0;0.0;0.0;0.0;0.0;0.0;0.0;0.2759025738469511;0.0;0.0;0.0;0.0;0.0;0.0;0.0;0.0;0.0;0.0;0.0;0.0
ESM5GEZA;0.02095238095238095;0.0;0.0;0.02095238095238095;0.0;0.6152380952380953;0.0;0.013333333333333334;0.0;0.0;0.0;0.0;0.0;0.0;0.0;0.0;0.0;0.0;0.0;0.0;0.0;0.0;0.0;0.0;0.0;0.0;0.0;0.0;0.05142857142857143;0.0;0.0;0.0;0.0;0.0;0.0;0.0;0.0;0.0;0.0;0.0;0.0;0.0;0.0019047619047619048;0.0;0.0;0.0;0.030476190476190476;0.0;0.0;0.0;0.05523809523809524;0.18857142857142858;0.0;0.0;0.0;0.0;0.0;0.0;0.0;0.0019047619047619048;0.0;0.0;0.0;0.0
HSM5FZBQ;0.005303030303030303;0.0;0.0;0.015151515151515152;0.0;0.20833333333333334;0.0;0.0007575757575757576;0.0;0.0;0.0007575757575757576;0.0;0.0;0.0;0.005303030303030303;0.0;0.0;0.0;0.0;0.0030303030303030303;0.0;0.02196969696969697;0.0;0.0007575757575757576;0.0;0.0;0.0007575757575757576;0.0;0.03484848484848485;0.0;0.0;0.0;0.0;0.0;0.0;0.0;0.0;0.0;0.0;0.0;0.0;0.0015151515151515152;0.007575757575757576;0.0;0.0;0.0;0.0007575757575757576;0.6227272727272727;0.0;0.0;0.02803030303030303;0.015909090909090907;0.0;0.0;0.0;0.0;0.0030303030303030303;0.0;0.0;0.023484848484848483;0.0;0.0;0.0;0.0
HSM5MD3L;0.060619872379216046;0.0;0.00045578851412944393;0.18003646308113036;0.0;0.17274384685505925;0.0;0.02643573381950775;0.0;0.0;0.0;0.0;0.0;0.00045578851412944393;0.004557885141294439;0.0;0.00045578851412944393;0.0;0.0;0.03236098450319052;0.0;0.005925250683682771;0.0;0.0036463081130355514;0.0;0.0;0.0;0.0;0.21513217866909753;0.0;0.0;0.0;0.0;0.0;0.0;0.0;0.0;0.0;0.006381039197812215;0.0;0.0;0.0;0.017775752051048314;0.0;0.0;0.0;0.0027347310847766638;0.0;0.0;0.0;0.04649042844120328;0.1690975387420237;0.0;0.0;0.0;0.0;0.009115770282588878;0.0;0.0;0.04557885141294439;0.0;0.0;0.0;0.0
ESM5MEE2;0.020581370676851264;0.0;0.0;0.01718650541056652;0.0;0.09038828771483132;0.0;0.0;0.0;0.0;0.0;0.0;0.0;0.0;0.0;0.0;0.0;0.0;0.0;0.0;0.0;0.0;0.0;0.0;0.0;0.0;0.0;0.0;0.09420751113940165;0.0;0.0;0.0;0.0;0.0;0.0;0.0;0.0;0.0;0.0;0.0;0.0;0.0;0.031190324633991087;0.0;0.0;0.0;0.004031402503713134;0.0;0.0;0.0;0.0;0.742414597920645;0.0;0.0;0.0;0.0;0.0;0.0;0.0;0.0;0.0;0.0;0.0;0.0
MSM5LLGT;0.12070139598229486;0.0;0.0;0.1647940074906367;0.0;0.019662921348314606;0.0;0.0;0.0;0.0;0.0;0.0;0.0;0.0007660878447395301;0.005362614913176711;0.0;0.0;0.0;0.0;0.004937010554988083;0.0;0.023663602315287708;0.0;0.0;0.0;0.0;0.0;0.0;0.25978890023833845;0.0;0.0;0.0;0.0;0.0;0.0;0.0;0.0;0.0;0.0;0.0;0.0;0.0;0.0006809669731018045;0.0;0.0;0.0;0.0009363295880149813;0.0;0.0;0.0;0.001191692202928158;0.3975144705481784;0.0;0.0;0.0;0.0;0.0;0.0;0.0;0.0;0.0;0.0;0.0;0.0
MSM5LLFS;0.11381641491496779;0.0;0.0;0.0004753353755149467;0.0;0.015369177141649941;0.0;0.0;0.0;0.0;0.0;0.0;0.0;0.0;0.0;0.0;0.0;0.0;0.0;0.0;0.0;0.009295447343403401;0.0;0.0;0.0;0.0;0.0;0.0;0.4324495616351537;0.0;0.0;0.0;0.0;0.0;0.0;0.0;0.0;0.0;0.0;0.0;0.0;0.0;0.0015844512517164888;0.0;0.0;0.0;0.0;0.0;0.0;0.0;0.0;0.42700961233759377;0.0;0.0;0.0;0.0;0.0;0.0;0.0;0.0;0.0;0.0;0.0;0.0
MSM5FZ9Q;0.037633900068575754;0.0;0.0;0.4367802501832628;0.0;5.9117028068764926e-05;2.364681122750597e-05;0.0;0.0;0.0;0.0;0.0;0.0;0.0;0.0028021471304594575;0.0;0.0;0.0;0.0;0.0;0.0;0.37085294048097617;0.0;0.0;0.0;0.0;0.0;0.0;0.10505095887819528;0.0;0.0;0.0;0.0;0.0;0.0;0.0;0.0;0.0;0.0;0.0;0.0;0.0;0.00018917448982004776;0.0;0.0;0.0;0.0;0.0;0.0;0.0;0.0;0.04660786492941427;0.0;0.0;0.0;0.0;0.0;0.0;0.0;0.0;0.0;0.0;0.0;0.0
HSM5FZBT;0.2145246838025296;0.0;0.0;0.29865361077111385;0.0;0.012403100775193798;0.0;0.0;0.0;0.0;0.0;0.0;0.0;0.0;0.0009791921664626683;0.0;0.0;0.0;0.0;0.0;0.0;0.30771113831089353;0.0;0.0;0.0;0.0;0.0;0.0;0.1481844145246838;0.0;0.0;0.0;0.0;0.0;0.0;0.0;0.0;0.0;0.0;0.0;0.0;0.0;0.002284781721746226;0.0;0.0;0.0;0.0033455732354141167;0.0;0.0;0.0;0.0;0.011913504691962465;0.0;0.0;0.0;0.0;0.0;0.0;0.0;0.0;0.0;0.0;0.0;0.0
CSM5MCVZ;0.07625272331154684;0.0;0.0;0.3202614379084967;0.0;0.16884531590413943;0.010893246187363835;0.0;0.0;0.0;0.0;0.0;0.0;0.0;0.0;0.0;0.0;0.0;0.0;0.0;0.0;0.0;0.0;0.0;0.0;0.0;0.0;0.0;0.19716775599128541;0.0;0.0;0.0;0.0;0.0;0.0;0.0;0.0;0.0;0.0;0.0;0.0;0.0;0.0;0.0;0.0;0.0;0.0;0.0;0.0;0.0;0.0;0.22657952069716775;0.0;0.0;0.0;0.0;0.0;0.0;0.0;0.0;0.0;0.0;0.0;0.0
CSM5FZ4I;0.04168734491315137;0.0;0.001488833746898263;0.0;0.0;0.01836228287841191;0.0009925558312655087;0.020347394540942927;0.001488833746898263;0.0024813895781637717;0.001488833746898263;0.0;0.0;0.005459057071960298;0.019851116625310174;0.0004962779156327543;0.00794044665012407;0.002977667493796526;0.0;0.001488833746898263;0.0;0.005955334987593052;0.0;0.052109181141439205;0.0;0.001488833746898263;0.008436724565756825;0.0;0.05508684863523573;0.018858560794044667;0.005459057071960298;0.0;0.011910669975186104;0.0;0.0019851116625310174;0.005459057071960298;0.0;0.0034739454094292804;0.001488833746898263;0.45707196029776676;0.0;0.0064516129032258064;0.0064516129032258064;0.0;0.0034739454094292804;0.0;0.0;0.01141439205955335;0.0024813895781637717;0.0004962779156327543;0.0009925558312655087;0.10272952853598015;0.031265508684863524;0.0;0.0034739454094292804;0.0;0.03325062034739454;0.0;0.004466501240694789;0.00794044665012407;0.02977667493796526;0.0;0.0;0.0
MSM5LLE5;0.028048644427089143;0.0;0.0;0.8355684480642642;0.0;4.462791476068281e-05;0.0;0.0;0.0;0.0;0.0;0.0;0.0;0.0;0.005578489345085351;0.0;0.0;0.0;0.0;0.0;0.0;0.003637175052995649;0.0;8.925582952136562e-05;0.0;0.0;0.0;0.0;0.11944661385696753;0.0;0.0;0.0;0.0;0.0;0.0;0.0;0.0;0.0;0.0;0.0;0.0;0.0;0.0004462791476068281;0.0;0.0;0.0;0.0;0.0;0.0;0.0;0.0;0.006738815128863104;0.0;0.0;0.0;0.0;0.0;0.0;0.00040165123284614524;0.0;0.0;0.0;0.0;0.0
CSM5FZ3X;0.03838784496957881;0.0;0.0;0.6369625869777136;0.0;0.009849070556993512;0.0;0.0;0.0;0.0;0.0;0.0;0.0;0.0;0.0006722915055968268;0.0;0.0;0.0;0.0;0.0;0.0;0.2924804195098995;0.0;0.0;0.0;0.0;0.0;0.0;0.008571716696359541;0.0;0.0;0.0;0.0;0.0;0.0;0.0;0.0;0.0;0.0;0.0;0.0;0.0;0.0;0.0;0.0;0.0;0.0;0.0;0.0;0.0;0.0;0.013076069783858281;0.0;0.0;0.0;0.0;0.0;0.0;0.0;0.0;0.0;0.0;0.0;0.0
CSM5FZ3N;0.13466212931453572;0.0;0.0;0.0;0.0;0.03889158969372873;0.0;0.0;0.0;0.0;0.0;0.0;0.0;0.0;0.013612056392805057;0.0;0.0;0.0;0.0;0.0;0.0;0.0031599416626154593;0.0;0.0;0.0;0.0;0.0;0.0;0.2610597958191541;0.0;0.0;0.0;0.0;0.0;0.0;0.0;0.0;0.0;0.0;0.0;0.0;0.0;0.0;0.0;0.0;0.0;0.0;0.0;0.0;0.0;0.0;0.5486144871171609;0.0;0.0;0.0;0.0;0.0;0.0;0.0;0.0;0.0;0.0;0.0;0.0
ESM5GEZ8;0.013254522658069139;0.0;0.0;0.41581586960415545;0.0;0.031613827691205444;0.0;0.008507970625111947;0.0;0.0;0.0;0.0;0.0;0.0;0.0007164606842199534;0.0;0.0;0.0;0.0;0.0;0.0;0.015493462296256493;0.0;0.0;0.0;0.0;0.0;0.0;0.11758910979759986;0.0006269030986924592;0.0;0.0;0.0;0.0;0.0;0.0;0.0;0.0;0.0;0.0;0.0;0.0;0.007343722013254523;0.0;0.0;0.0;0.005194339960594662;0.0;0.0;0.0;0.0;0.3838438115708401;0.0;0.0;0.0;0.0;0.0;0.0;0.0;0.0;0.0;0.0;0.0;0.0
ESM5MEEB;0.0;0.0;0.0;0.0;0.0;0.5555555555555556;0.0;0.0;0.0;0.0;0.0;0.0;0.0;0.0;0.0;0.0;0.0;0.0;0.0;0.0;0.0;0.0;0.0;0.0;0.0;0.0;0.0;0.0;0.1111111111111111;0.0;0.0;0.0;0.0;0.0;0.0;0.0;0.0;0.0;0.0;0.0;0.0;0.0;0.0;0.0;0.0;0.0;0.0;0.0;0.0;0.0;0.0;0.3333333333333333;0.0;0.0;0.0;0.0;0.0;0.0;0.0;0.0;0.0;0.0;0.0;0.0
